-- phpMyAdmin SQL Dump
-- version 4.7.4
-- https://www.phpmyadmin.net/
--
-- Host: 127.0.0.1
-- Generation Time: Mar 21, 2019 at 11:46 AM
-- Server version: 10.1.30-MariaDB
-- PHP Version: 5.6.33

SET SQL_MODE = "NO_AUTO_VALUE_ON_ZERO";
SET AUTOCOMMIT = 0;
START TRANSACTION;
SET time_zone = "+00:00";


/*!40101 SET @OLD_CHARACTER_SET_CLIENT=@@CHARACTER_SET_CLIENT */;
/*!40101 SET @OLD_CHARACTER_SET_RESULTS=@@CHARACTER_SET_RESULTS */;
/*!40101 SET @OLD_COLLATION_CONNECTION=@@COLLATION_CONNECTION */;
/*!40101 SET NAMES utf8mb4 */;

--
-- Database: `u648037281_ciput`
--

-- --------------------------------------------------------

--
-- Table structure for table `brands`
--

CREATE TABLE `brands` (
  `id` int(10) UNSIGNED NOT NULL,
  `name` varchar(191) COLLATE utf8mb4_unicode_ci NOT NULL,
  `created_at` timestamp NULL DEFAULT NULL,
  `updated_at` timestamp NULL DEFAULT NULL,
  `deleted_at` timestamp NULL DEFAULT NULL,
  `created_by` int(11) DEFAULT NULL,
  `updated_by` int(11) DEFAULT NULL,
  `deleted_by` int(11) DEFAULT NULL,
  `inactive_at` timestamp NULL DEFAULT NULL,
  `inactive_by` int(11) DEFAULT NULL
) ENGINE=InnoDB DEFAULT CHARSET=utf8mb4 COLLATE=utf8mb4_unicode_ci;

--
-- Dumping data for table `brands`
--

INSERT INTO `brands` (`id`, `name`, `created_at`, `updated_at`, `deleted_at`, `created_by`, `updated_by`, `deleted_by`, `inactive_at`, `inactive_by`) VALUES
(35, 'POLYTRON', '2018-12-10 21:04:54', '2018-12-10 21:04:54', NULL, 9, NULL, NULL, NULL, NULL),
(36, 'DELL', '2018-12-10 21:05:00', '2018-12-10 21:05:00', NULL, 9, NULL, NULL, NULL, NULL),
(37, 'HOLCIM', '2018-12-10 21:05:11', '2018-12-10 21:05:11', NULL, 9, NULL, NULL, NULL, NULL),
(38, 'TIGA RODA', '2018-12-10 21:05:20', '2018-12-10 21:05:20', NULL, 9, NULL, NULL, NULL, NULL),
(39, 'HP', '2018-12-10 21:05:51', '2018-12-10 21:05:51', NULL, 9, NULL, NULL, NULL, NULL),
(40, 'XIAOMI', '2018-12-10 21:05:59', '2018-12-10 21:08:27', NULL, 9, 9, NULL, NULL, NULL),
(41, 'TOTO', '2018-12-10 21:06:35', '2018-12-10 21:06:35', NULL, 9, NULL, NULL, NULL, NULL),
(42, 'OLYMPIC', '2018-12-10 21:06:43', '2018-12-10 21:06:43', NULL, 9, NULL, NULL, NULL, NULL),
(43, 'SAMSUNG', '2018-12-10 21:08:07', '2018-12-10 21:08:07', NULL, 9, NULL, NULL, NULL, NULL),
(44, 'INFORMA', '2018-12-10 21:22:20', '2018-12-10 21:22:20', NULL, 9, NULL, NULL, NULL, NULL),
(45, 'PASEO', '2018-12-10 21:26:13', '2018-12-10 21:26:13', NULL, 9, NULL, NULL, NULL, NULL),
(46, 'NIPPON PAINT', '2019-01-01 21:05:03', '2019-01-01 21:05:03', NULL, 20, NULL, NULL, NULL, NULL),
(47, 'DULUX', '2019-01-01 21:05:12', '2019-01-01 21:05:12', NULL, 20, NULL, NULL, NULL, NULL),
(48, 'PILOT', '2019-01-15 14:36:28', '2019-01-15 14:36:28', NULL, 1, NULL, NULL, NULL, NULL),
(49, 'SNOWMAN', '2019-01-15 14:36:34', '2019-01-15 14:36:34', NULL, 1, NULL, NULL, NULL, NULL),
(50, 'Joyko GEL', '2019-01-15 14:37:26', '2019-01-15 14:37:26', NULL, 1, NULL, NULL, NULL, NULL),
(51, 'SINAR DUNIA', '2019-01-15 14:37:35', '2019-01-15 14:37:35', NULL, 1, NULL, NULL, NULL, NULL),
(52, 'Paper One', '2019-01-15 14:37:54', '2019-01-15 14:37:54', NULL, 1, NULL, NULL, NULL, NULL),
(53, 'CANNON', '2019-02-06 06:41:52', '2019-02-06 06:41:52', NULL, 20, NULL, NULL, NULL, NULL),
(54, 'LENOVO', '2019-02-06 07:05:14', '2019-02-06 07:05:14', NULL, 20, NULL, NULL, NULL, NULL),
(55, 'PAPER LINE', '2019-02-06 07:56:09', '2019-02-06 07:56:09', NULL, 20, NULL, NULL, NULL, NULL);

-- --------------------------------------------------------

--
-- Table structure for table `brand_of_categories`
--

CREATE TABLE `brand_of_categories` (
  `id` int(10) UNSIGNED NOT NULL,
  `category_id` int(11) DEFAULT NULL,
  `brand_id` int(11) DEFAULT NULL,
  `created_at` timestamp NULL DEFAULT NULL,
  `updated_at` timestamp NULL DEFAULT NULL,
  `deleted_at` timestamp NULL DEFAULT NULL,
  `created_by` int(11) DEFAULT NULL,
  `updated_by` int(11) DEFAULT NULL,
  `deleted_by` int(11) DEFAULT NULL,
  `inactive_at` timestamp NULL DEFAULT NULL,
  `inactive_by` int(11) DEFAULT NULL
) ENGINE=InnoDB DEFAULT CHARSET=utf8mb4 COLLATE=utf8mb4_unicode_ci;

--
-- Dumping data for table `brand_of_categories`
--

INSERT INTO `brand_of_categories` (`id`, `category_id`, `brand_id`, `created_at`, `updated_at`, `deleted_at`, `created_by`, `updated_by`, `deleted_by`, `inactive_at`, `inactive_by`) VALUES
(32, 39, 36, '2018-12-10 21:07:42', '2018-12-10 21:07:42', NULL, NULL, NULL, NULL, NULL, NULL),
(33, 39, 39, '2018-12-10 21:07:42', '2018-12-10 21:07:42', NULL, NULL, NULL, NULL, NULL, NULL),
(34, 40, 35, '2018-12-10 21:09:10', '2018-12-10 21:09:10', NULL, NULL, NULL, NULL, NULL, NULL),
(35, 44, 42, '2018-12-10 21:11:16', '2018-12-10 21:11:16', NULL, NULL, NULL, NULL, NULL, NULL),
(36, 42, 41, '2018-12-10 21:14:19', '2018-12-10 21:14:19', NULL, NULL, NULL, NULL, NULL, NULL),
(37, 47, 42, '2018-12-10 21:15:42', '2018-12-10 21:15:42', NULL, NULL, NULL, NULL, NULL, NULL),
(38, 49, 37, '2018-12-10 21:17:13', '2018-12-10 21:17:13', NULL, NULL, NULL, NULL, NULL, NULL),
(39, 49, 38, '2018-12-10 21:17:20', '2018-12-10 21:17:20', NULL, NULL, NULL, NULL, NULL, NULL),
(40, 45, 42, '2018-12-10 21:18:47', '2018-12-10 21:18:47', NULL, NULL, NULL, NULL, NULL, NULL),
(41, 47, 44, '2018-12-10 21:22:49', '2018-12-10 21:22:49', NULL, NULL, NULL, NULL, NULL, NULL),
(42, 50, 40, '2018-12-10 21:23:39', '2018-12-10 21:23:39', NULL, NULL, NULL, NULL, NULL, NULL),
(43, 50, 43, '2018-12-10 21:23:39', '2018-12-10 21:23:39', NULL, NULL, NULL, NULL, NULL, NULL),
(44, 51, 35, '2018-12-11 00:54:11', '2018-12-11 00:54:11', NULL, NULL, NULL, NULL, NULL, NULL),
(45, 52, 47, '2019-01-01 21:05:44', '2019-01-01 21:05:44', NULL, NULL, NULL, NULL, NULL, NULL),
(46, 52, 46, '2019-01-01 21:05:44', '2019-01-01 21:05:44', NULL, NULL, NULL, NULL, NULL, NULL),
(47, 54, 49, '2019-01-15 14:44:53', '2019-01-15 14:44:53', NULL, NULL, NULL, NULL, NULL, NULL),
(48, 54, 48, '2019-01-15 14:45:00', '2019-01-15 14:45:00', NULL, NULL, NULL, NULL, NULL, NULL),
(49, 54, 50, '2019-01-15 14:45:09', '2019-01-15 14:45:09', NULL, NULL, NULL, NULL, NULL, NULL),
(50, 55, 51, '2019-01-15 14:45:32', '2019-01-15 14:45:32', NULL, NULL, NULL, NULL, NULL, NULL),
(51, 55, 52, '2019-01-15 14:45:39', '2019-01-15 14:45:39', NULL, NULL, NULL, NULL, NULL, NULL),
(52, 56, 39, '2019-02-06 06:42:55', '2019-02-06 06:42:55', NULL, NULL, NULL, NULL, NULL, NULL),
(53, 56, 53, '2019-02-06 06:43:00', '2019-02-06 06:43:00', NULL, NULL, NULL, NULL, NULL, NULL),
(54, 57, 36, '2019-02-06 07:05:46', '2019-02-06 07:05:46', NULL, NULL, NULL, NULL, NULL, NULL),
(55, 57, 39, '2019-02-06 07:05:56', '2019-02-06 07:05:56', NULL, NULL, NULL, NULL, NULL, NULL),
(56, 57, 54, '2019-02-06 07:06:10', '2019-02-06 07:06:10', NULL, NULL, NULL, NULL, NULL, NULL),
(57, 50, 54, '2019-02-06 07:06:51', '2019-02-06 07:06:51', NULL, NULL, NULL, NULL, NULL, NULL),
(58, 59, 51, '2019-02-06 07:55:19', '2019-02-06 07:55:19', NULL, NULL, NULL, NULL, NULL, NULL),
(59, 59, 55, '2019-02-06 07:56:25', '2019-02-06 07:56:25', NULL, NULL, NULL, NULL, NULL, NULL);

-- --------------------------------------------------------

--
-- Table structure for table `items`
--

CREATE TABLE `items` (
  `id` int(10) UNSIGNED NOT NULL,
  `kode` varchar(100) COLLATE utf8mb4_unicode_ci DEFAULT NULL,
  `brand_id` int(11) DEFAULT NULL,
  `item_category_id` int(11) DEFAULT NULL,
  `sub_item_category_id` int(11) DEFAULT NULL,
  `name` varchar(191) COLLATE utf8mb4_unicode_ci NOT NULL,
  `description` longtext COLLATE utf8mb4_unicode_ci,
  `image1` blob,
  `created_at` timestamp NULL DEFAULT NULL,
  `updated_at` timestamp NULL DEFAULT NULL,
  `deleted_at` timestamp NULL DEFAULT NULL,
  `created_by` int(11) DEFAULT NULL,
  `updated_by` int(11) DEFAULT NULL,
  `deleted_by` int(11) DEFAULT NULL,
  `inactive_at` timestamp NULL DEFAULT NULL,
  `inactive_by` int(11) DEFAULT NULL
) ENGINE=InnoDB DEFAULT CHARSET=utf8mb4 COLLATE=utf8mb4_unicode_ci;

--
-- Dumping data for table `items`
--

INSERT INTO `items` (`id`, `kode`, `brand_id`, `item_category_id`, `sub_item_category_id`, `name`, `description`, `image1`, `created_at`, `updated_at`, `deleted_at`, `created_by`, `updated_by`, `deleted_by`, `inactive_at`, `inactive_by`) VALUES
(45, 'COREI30001', NULL, 38, 39, 'CORE I3', 'Processor CORE I3 kaby lake\r\nRAM 8 GB\r\nHDD 500 GB', NULL, '2018-12-10 21:27:19', '2019-02-06 06:33:18', NULL, 9, 20, NULL, NULL, NULL),
(46, 'COREI50002', NULL, 38, 39, 'CORE I5', 'Processor CORE I5 Kabylake\r\nRAM 8 GB\r\nHDD 500GB', NULL, '2018-12-10 21:27:48', '2019-02-06 06:34:23', NULL, 9, 20, NULL, NULL, NULL),
(47, 'COREI70001', NULL, 38, 39, 'CORE I7', 'Processor CORE I7 Kabylake\r\nRAM 8 GB\r\nHDD 500GB', NULL, '2018-12-10 21:28:12', '2019-02-06 06:35:02', NULL, 9, 20, NULL, NULL, NULL),
(48, 'TV240001', NULL, 38, 40, 'TV 24 INCH', 'TV 24 INCH', NULL, '2018-12-10 21:29:04', '2018-12-10 21:29:04', NULL, 9, NULL, NULL, NULL, NULL),
(49, 'TV0002', NULL, 38, 40, 'TV 32 INCH', 'TV 32 INCH', NULL, '2018-12-10 21:29:36', '2018-12-10 21:29:36', NULL, 9, NULL, NULL, NULL, NULL),
(50, 'TV0001', NULL, 38, 40, 'TV 17 INCH', 'TV 17 INCH', NULL, '2018-12-10 21:30:08', '2018-12-10 21:30:08', NULL, 9, NULL, NULL, NULL, NULL),
(51, 'HP0001', NULL, 38, 50, 'REDMI 2', 'OS 	Android 4.4.4 (KitKat); MIUI 6.0\r\nChipset 	Qualcomm MSM8916 Snapdragon 410 (28 nm)\r\nCPU 	Quad-core 1.2 GHz Cortex-A53\r\nGPU 	Adreno 306', NULL, '2018-12-10 21:33:20', '2019-02-06 07:04:14', NULL, 9, 20, NULL, NULL, NULL),
(52, 'HP0002', NULL, 38, 50, 'REDMI 6 PRO', 'OS 	Android 8.1 (Oreo); MIUI 9\r\nChipset 	Qualcomm SDM636 Snapdragon 636 (14 nm)\r\nCPU 	Octa-core 1.8 GHz Kryo 260\r\nGPU 	Adreno 509', NULL, '2018-12-10 21:34:06', '2019-02-06 07:03:36', NULL, 9, 20, NULL, NULL, NULL),
(53, 'HP0003', NULL, 38, 50, 'REDMI 3S', 'Dimensions 	139.3 x 69.6 x 8.5 mm (5.48 x 2.74 x 0.33 in)\r\nWeight 	144 g (5.08 oz)\r\nBuild 	Front glass, aluminum body\r\nSIM 	Hybrid Dual SIM (Micro-SIM/Nano-SIM, dual stand-by)\r\nOS 	Android 6.0.1 (Marshmallow); MIUI 9.2\r\nChipset 	Qualcomm MSM8937 Snapdragon 430 (28 nm)\r\nCPU 	Octa-core 1.4 GHz Cortex-A53\r\nGPU 	Adreno 505', NULL, '2018-12-10 21:35:14', '2019-02-06 07:02:06', NULL, 9, 20, NULL, NULL, NULL),
(54, 'MEJA0001', NULL, 43, 44, 'MEJA OLYMPIC', 'MEJA OLYMPIC', NULL, '2018-12-10 21:36:16', '2018-12-10 21:36:16', NULL, 9, NULL, NULL, NULL, NULL),
(56, 'SEMEN', NULL, 48, 49, 'SEMEN 45 KG', 'SEMEN 45 KG', NULL, '2018-12-10 21:37:22', '2018-12-10 21:37:22', NULL, 9, NULL, NULL, NULL, NULL),
(57, 'SEMEN0002', NULL, 48, 49, 'SEMEN 50 KG', 'SEMEN 50 KG', NULL, '2018-12-10 21:53:26', '2018-12-10 21:53:26', NULL, 9, NULL, NULL, NULL, NULL),
(58, 'TV0003', NULL, 38, 40, 'TV 14 INCH', 'TV 14 INCH', NULL, '2018-12-11 00:45:27', '2018-12-11 00:45:27', NULL, 20, NULL, NULL, NULL, NULL),
(59, 'KURSI0001', NULL, 43, 45, 'KURSI OLYMPIC', 'KURSI OLYMPIC', NULL, '2018-12-11 00:50:55', '2018-12-11 00:53:02', NULL, 20, 20, NULL, NULL, NULL),
(60, 'LEMARI0001', NULL, 43, 47, 'LEMARI OLYMPIC', 'LEMARI OLYMPIC', NULL, '2018-12-11 00:52:40', '2018-12-11 00:52:40', NULL, 20, NULL, NULL, NULL, NULL),
(61, 'AC0001', NULL, 38, 51, 'AC SUPER', 'AC SUPER', NULL, '2018-12-11 00:55:12', '2018-12-11 00:55:12', NULL, 20, NULL, NULL, NULL, NULL),
(62, 'CN5KG', NULL, 48, 52, 'CAT TEMBOK', NULL, NULL, '2019-01-01 21:06:33', '2019-02-06 07:46:48', NULL, 20, 20, NULL, NULL, NULL),
(63, 'CDX50KG', NULL, 48, 52, 'THINNER', NULL, NULL, '2019-01-01 21:07:12', '2019-02-06 07:47:40', NULL, 20, 20, NULL, NULL, NULL),
(64, 'PTH001', NULL, 53, 54, 'Pulpen Tinta Hitam', 'Pulpen Tinta hitam bebas merek', NULL, '2019-01-15 14:46:59', '2019-01-15 14:46:59', NULL, 1, NULL, NULL, NULL, NULL),
(65, 'PCH002', NULL, 53, 54, 'Pulpen cair hitam', 'Pulpen Cair', NULL, '2019-01-15 14:47:36', '2019-01-15 14:47:36', NULL, 1, NULL, NULL, NULL, NULL),
(66, 'KHVS200', NULL, 53, 55, 'KERTAS HVS', NULL, NULL, '2019-01-15 14:47:55', '2019-01-15 14:47:55', NULL, 1, NULL, NULL, NULL, NULL),
(67, 'KHVS201', NULL, 53, 55, 'KERTAS HVS', 'KERTAS HVS', NULL, '2019-01-15 14:48:42', '2019-02-06 07:10:56', NULL, 1, 20, 20, NULL, NULL),
(68, 'KEA4', NULL, 53, 55, 'KERTAS A4', 'KERTAS A4', NULL, '2019-01-15 14:49:10', '2019-01-15 14:49:10', NULL, 1, NULL, NULL, NULL, NULL),
(69, 'INKJET001', NULL, 38, 56, 'INKJET PRINTER', '- Print, Scan, Copy\r\n- ISO standard print speed (A4): up to 15.0ipm black / 10.0ipm colour', NULL, '2019-02-06 06:40:33', '2019-02-06 06:40:33', NULL, 20, NULL, NULL, NULL, NULL),
(70, 'PCDESKTOP001', NULL, 38, 57, 'PC DESKTOP All-in-One 23.8\"', '- Latest processors and extensive storage options\r\n- Slim, modern look saves space on your desk, while the camera slide safeguard’s your family’s privacy\r\n- Edge-to-edge FHD IPS display and fabric covered speakers tuned by B&O PLAY\r\n- Intel® Core™ i7-8700T Processor (2.4 GHz, 6 cores)\r\nWindows 10 Home 64\r\n- 23.8\" diagonal FHD IPS anti-glare WLED-backlit touch screen (1920 x 1080)\r\n- 16 GB DDR4-2400 SDRAM (2 x 8 GB); 1 TB 7200 rpm SATA\r\n- AMD Radeon™ 530 Graphics (2 GB GDDR5 dedicated)', NULL, '2019-02-06 06:51:49', '2019-02-06 06:51:49', NULL, 20, NULL, NULL, NULL, NULL),
(72, 'LASERPRINTER001', NULL, 38, 56, 'LASER PRINTERS', '- Print, Scan, Copy, Fax\r\n- Print Speed (A4): Up to 28ppm\r\n- Recommended monthly print volume: 250 - 2,500 pages', NULL, '2019-02-06 06:56:14', '2019-02-06 06:56:14', NULL, 20, NULL, NULL, NULL, NULL),
(73, 'PCDESKTOP002', NULL, 38, 57, 'PC DESKTOP', '- PROCESSOR I7 GEN 8\r\n- RAM: 16 GB\r\n- HDD: 1 TB\r\n- SDD: 256 GB', NULL, '2019-02-06 06:59:49', '2019-02-06 06:59:49', NULL, 20, NULL, NULL, NULL, NULL),
(76, 'DESKTOPPC002', NULL, 38, 57, 'PC DESKTOP', '- PROCESSOR I7 GEN 8\r\n- RAM: 16 GB\r\n- HDD: 1 TB\r\n- SDD: 256 GB', NULL, '2019-02-06 07:18:11', '2019-02-06 07:18:11', NULL, 20, NULL, NULL, NULL, NULL),
(77, 'KERTASMNL001', NULL, 53, 55, 'kERTAS MANILA', NULL, NULL, '2019-02-06 07:19:41', '2019-02-06 07:19:41', NULL, 20, NULL, NULL, NULL, NULL),
(78, 'KERTASCRT001', NULL, 53, 55, 'ART CARTON', NULL, NULL, '2019-02-06 07:20:50', '2019-02-06 07:20:50', NULL, 20, NULL, NULL, NULL, NULL),
(79, 'KUAS001', NULL, 48, 52, 'KUAS', NULL, NULL, '2019-02-06 07:48:29', '2019-02-06 07:48:29', NULL, 20, NULL, NULL, NULL, NULL),
(80, 'SPIDOL001', NULL, 53, 54, 'SPIDOL', NULL, NULL, '2019-02-06 07:49:44', '2019-02-06 07:49:44', NULL, 20, NULL, NULL, NULL, NULL),
(81, 'AMLOP.COKA4001', NULL, 53, 59, 'AMPLOP COKLAT UK.A4', NULL, NULL, '2019-02-06 07:57:15', '2019-02-06 07:57:15', NULL, 20, NULL, NULL, NULL, NULL),
(82, 'AMPLOP.COKFOL001', NULL, 53, 59, 'AMPLOP COKLAT UK.FOLIO', NULL, NULL, '2019-02-06 07:57:57', '2019-02-06 07:57:57', NULL, 20, NULL, NULL, NULL, NULL);

-- --------------------------------------------------------

--
-- Table structure for table `item_categories`
--

CREATE TABLE `item_categories` (
  `id` int(10) UNSIGNED NOT NULL,
  `parent_id` int(11) NOT NULL,
  `name` varchar(191) COLLATE utf8mb4_unicode_ci NOT NULL,
  `created_at` timestamp NULL DEFAULT NULL,
  `updated_at` timestamp NULL DEFAULT NULL,
  `deleted_at` timestamp NULL DEFAULT NULL,
  `created_by` int(11) DEFAULT NULL,
  `updated_by` int(11) DEFAULT NULL,
  `deleted_by` int(11) DEFAULT NULL,
  `inactive_at` timestamp NULL DEFAULT NULL,
  `inactive_by` int(11) DEFAULT NULL
) ENGINE=InnoDB DEFAULT CHARSET=utf8mb4 COLLATE=utf8mb4_unicode_ci;

--
-- Dumping data for table `item_categories`
--

INSERT INTO `item_categories` (`id`, `parent_id`, `name`, `created_at`, `updated_at`, `deleted_at`, `created_by`, `updated_by`, `deleted_by`, `inactive_at`, `inactive_by`) VALUES
(38, 0, 'ELEKTRONIK', '2018-12-10 21:07:07', '2018-12-10 21:07:07', NULL, 9, NULL, NULL, NULL, NULL),
(39, 38, 'LAPTOP', '2018-12-10 21:07:42', '2018-12-10 21:07:42', NULL, 9, NULL, NULL, NULL, NULL),
(40, 38, 'TV', '2018-12-10 21:09:10', '2018-12-10 21:09:10', NULL, 9, NULL, NULL, NULL, NULL),
(43, 0, 'FURNITURE', '2018-12-10 21:10:59', '2018-12-10 21:10:59', NULL, 9, NULL, NULL, NULL, NULL),
(44, 43, 'MEJA', '2018-12-10 21:11:16', '2018-12-10 21:18:06', NULL, 9, 9, NULL, NULL, NULL),
(45, 43, 'KURSI', '2018-12-10 21:11:29', '2018-12-10 21:18:40', NULL, 9, 9, NULL, NULL, NULL),
(47, 43, 'LEMARI', '2018-12-10 21:15:42', '2018-12-10 21:22:41', NULL, 9, 9, NULL, NULL, NULL),
(48, 0, 'BAHAN BANGUNAN', '2018-12-10 21:16:30', '2018-12-10 21:16:30', NULL, 9, NULL, NULL, NULL, NULL),
(49, 48, 'SEMEN', '2018-12-10 21:16:37', '2018-12-10 21:16:37', NULL, 9, NULL, NULL, NULL, NULL),
(50, 38, 'HAND PHONE', '2018-12-10 21:23:39', '2018-12-10 21:23:39', NULL, 9, NULL, NULL, NULL, NULL),
(51, 38, 'AC', '2018-12-11 00:54:11', '2018-12-11 00:54:11', NULL, 20, NULL, NULL, NULL, NULL),
(52, 48, 'CAT', '2019-01-01 21:05:44', '2019-01-01 21:05:44', NULL, 20, NULL, NULL, NULL, NULL),
(53, 0, 'ATK', '2019-01-15 14:35:48', '2019-01-15 14:35:48', NULL, 1, NULL, NULL, NULL, NULL),
(54, 53, 'ALAT TULIS', '2019-01-15 14:36:01', '2019-02-06 07:50:04', NULL, 1, 20, NULL, NULL, NULL),
(55, 53, 'KERTAS', '2019-01-15 14:36:14', '2019-01-15 14:45:58', NULL, 1, 1, NULL, NULL, NULL),
(56, 38, 'PRINTER', '2019-02-06 06:36:21', '2019-02-06 06:36:21', NULL, 20, NULL, NULL, NULL, NULL),
(57, 38, 'DESKTOP', '2019-02-06 06:36:39', '2019-02-06 06:47:03', NULL, 20, 20, NULL, NULL, NULL),
(58, 38, 'LEMARI ES', '2019-02-06 06:36:50', '2019-02-06 06:36:50', NULL, 20, NULL, NULL, NULL, NULL),
(59, 53, 'AMPLOP', '2019-02-06 07:54:54', '2019-02-06 07:54:54', NULL, 20, NULL, NULL, NULL, NULL);

-- --------------------------------------------------------

--
-- Table structure for table `item_category_user`
--

CREATE TABLE `item_category_user` (
  `item_category_id` int(11) NOT NULL,
  `user_id` int(11) NOT NULL,
  `created_at` timestamp NULL DEFAULT NULL,
  `updated_at` timestamp NULL DEFAULT NULL,
  `deleted_at` timestamp NULL DEFAULT NULL
) ENGINE=InnoDB DEFAULT CHARSET=utf8mb4 COLLATE=utf8mb4_unicode_ci;

-- --------------------------------------------------------

--
-- Table structure for table `item_prices`
--

CREATE TABLE `item_prices` (
  `id` int(10) UNSIGNED NOT NULL,
  `item_id` int(11) NOT NULL,
  `item_satuan_id` int(11) DEFAULT NULL,
  `project_id` int(11) DEFAULT NULL,
  `price` double(15,2) DEFAULT NULL,
  `ppn` double(15,2) DEFAULT NULL,
  `price_kecil` double(15,2) DEFAULT NULL,
  `price_besar` double(15,2) DEFAULT NULL,
  `date_price` datetime DEFAULT NULL,
  `matauang` varchar(191) COLLATE utf8mb4_unicode_ci DEFAULT NULL,
  `kurs` double(15,2) DEFAULT NULL,
  `volume` int(11) DEFAULT NULL,
  `description` varchar(191) COLLATE utf8mb4_unicode_ci DEFAULT NULL,
  `created_at` timestamp NULL DEFAULT NULL,
  `updated_at` timestamp NULL DEFAULT NULL,
  `deleted_at` timestamp NULL DEFAULT NULL,
  `created_by` int(11) DEFAULT NULL,
  `updated_by` int(11) DEFAULT NULL,
  `deleted_by` int(11) DEFAULT NULL,
  `inactive_at` timestamp NULL DEFAULT NULL,
  `inactive_by` int(11) DEFAULT NULL
) ENGINE=InnoDB DEFAULT CHARSET=utf8mb4 COLLATE=utf8mb4_unicode_ci;

--
-- Dumping data for table `item_prices`
--

INSERT INTO `item_prices` (`id`, `item_id`, `item_satuan_id`, `project_id`, `price`, `ppn`, `price_kecil`, `price_besar`, `date_price`, `matauang`, `kurs`, `volume`, `description`, `created_at`, `updated_at`, `deleted_at`, `created_by`, `updated_by`, `deleted_by`, `inactive_at`, `inactive_by`) VALUES
(1, 18, 102, 2075, 4000000.00, 10.00, NULL, NULL, '2018-12-14 00:00:00', NULL, NULL, NULL, NULL, '2018-12-14 00:14:00', '2019-01-21 04:37:56', NULL, 1, 1, NULL, NULL, NULL),
(2, 18, 102, 2075, 5500000.00, 10.00, NULL, NULL, '2019-01-21 00:00:00', NULL, NULL, NULL, NULL, '2018-12-14 00:14:48', '2019-01-21 04:38:19', NULL, 1, 1, NULL, NULL, NULL),
(3, 19, 61, 2075, 5700000.00, 10.00, NULL, NULL, '2018-12-14 00:00:00', NULL, NULL, NULL, NULL, '2018-12-14 00:15:46', '2018-12-14 00:15:46', NULL, 1, NULL, NULL, NULL, NULL),
(4, 19, 61, 2075, 6500000.00, 10.00, NULL, NULL, '2018-12-14 00:00:00', NULL, NULL, NULL, NULL, '2018-12-14 00:16:11', '2018-12-14 00:16:11', NULL, 1, NULL, NULL, NULL, NULL),
(5, 21, 68, 2075, 2000000.00, 10.00, NULL, NULL, '2018-12-14 00:00:00', NULL, NULL, NULL, NULL, '2018-12-14 00:16:50', '2018-12-14 00:16:50', NULL, 1, NULL, NULL, NULL, NULL),
(6, 21, 68, 2075, 3500000.00, 10.00, NULL, NULL, '2018-12-14 00:00:00', NULL, NULL, NULL, NULL, '2018-12-14 00:17:12', '2018-12-14 00:17:12', NULL, 1, NULL, NULL, NULL, NULL),
(7, 22, 94, 2075, 3500000.00, 10.00, NULL, NULL, '2018-12-14 00:00:00', NULL, NULL, NULL, NULL, '2018-12-14 00:18:07', '2019-01-21 04:36:39', NULL, 1, 1, NULL, NULL, NULL),
(8, 22, 94, 2075, 5000000.00, 10.00, NULL, NULL, '2018-12-14 00:00:00', NULL, NULL, NULL, NULL, '2018-12-14 00:18:43', '2019-01-21 04:36:47', NULL, 1, 1, NULL, NULL, NULL),
(9, 20, 62, 2075, 5600000.00, 10.00, NULL, NULL, '2018-12-14 00:00:00', NULL, NULL, NULL, NULL, '2018-12-14 00:19:20', '2018-12-14 00:19:20', NULL, 1, NULL, NULL, NULL, NULL),
(10, 20, 62, 2075, 8000000.00, 10.00, NULL, NULL, '2018-12-14 00:00:00', NULL, NULL, NULL, NULL, '2018-12-14 00:19:46', '2018-12-14 00:19:46', NULL, 1, NULL, NULL, NULL, NULL),
(11, 23, 66, 2075, 1300000.00, 10.00, NULL, NULL, '2018-12-14 00:00:00', NULL, NULL, NULL, NULL, '2018-12-14 00:21:02', '2018-12-14 00:21:02', NULL, 1, NULL, NULL, NULL, NULL),
(12, 23, 66, 2075, 2200000.00, 10.00, NULL, NULL, '2018-12-14 00:00:00', NULL, NULL, NULL, NULL, '2018-12-14 00:21:13', '2018-12-14 00:21:13', NULL, 1, NULL, NULL, NULL, NULL),
(13, 24, 63, 2075, 800000.00, 10.00, NULL, NULL, '2018-12-14 00:00:00', NULL, NULL, NULL, NULL, '2018-12-14 00:21:56', '2018-12-14 00:21:56', NULL, 1, NULL, NULL, NULL, NULL),
(14, 24, 63, 2075, 1000000.00, 10.00, NULL, NULL, '2018-12-14 00:00:00', NULL, NULL, NULL, NULL, '2018-12-14 00:22:10', '2018-12-14 00:22:10', NULL, 1, NULL, NULL, NULL, NULL),
(15, 34, 76, 2075, 4000000.00, 10.00, NULL, NULL, '2018-12-14 00:00:00', NULL, NULL, NULL, NULL, '2018-12-14 00:22:44', '2018-12-14 00:22:44', NULL, 1, NULL, NULL, NULL, NULL),
(16, 34, 76, 2075, 8000000.00, 10.00, NULL, NULL, '2018-12-14 00:00:00', NULL, NULL, NULL, NULL, '2018-12-14 00:22:53', '2018-12-14 00:22:53', NULL, 1, NULL, NULL, NULL, NULL),
(17, 30, 74, 2075, 600000.00, 10.00, NULL, NULL, '2018-12-14 00:00:00', NULL, NULL, NULL, NULL, '2018-12-14 00:23:20', '2018-12-14 00:23:20', NULL, 1, NULL, NULL, NULL, NULL),
(18, 30, 74, 2075, 1200000.00, 10.00, NULL, NULL, '2018-12-14 00:00:00', NULL, NULL, NULL, NULL, '2018-12-14 00:23:30', '2018-12-14 00:23:30', NULL, 1, NULL, NULL, NULL, NULL),
(19, 29, 65, 2075, 1000000.00, 10.00, NULL, NULL, '2018-12-14 00:00:00', NULL, NULL, NULL, NULL, '2018-12-14 00:27:40', '2018-12-14 00:27:40', NULL, 1, NULL, NULL, NULL, NULL),
(20, 29, 65, 2075, 1300000.00, 10.00, NULL, NULL, '2018-12-14 00:00:00', NULL, NULL, NULL, NULL, '2018-12-14 00:27:54', '2018-12-14 00:27:54', NULL, 1, NULL, NULL, NULL, NULL),
(21, 25, 64, 2075, 1900000.00, 10.00, NULL, NULL, '2018-12-14 00:00:00', NULL, NULL, NULL, NULL, '2018-12-14 00:29:32', '2018-12-14 00:29:32', NULL, 1, NULL, NULL, NULL, NULL),
(22, 25, 64, 2075, 2600000.00, 10.00, NULL, NULL, '2018-12-14 00:00:00', NULL, NULL, NULL, NULL, '2018-12-14 00:29:56', '2018-12-14 00:29:56', NULL, 1, NULL, NULL, NULL, NULL),
(23, 26, 73, 2075, 200000.00, 10.00, NULL, NULL, '2018-12-14 00:00:00', NULL, NULL, NULL, NULL, '2018-12-14 00:31:05', '2018-12-14 00:31:05', NULL, 1, NULL, NULL, NULL, NULL),
(24, 26, 73, 2075, 450000.00, 10.00, NULL, NULL, '2018-12-14 00:00:00', NULL, NULL, NULL, NULL, '2018-12-14 00:31:12', '2018-12-14 00:31:12', NULL, 1, NULL, NULL, NULL, NULL),
(25, 32, 75, 2075, 200000.00, 10.00, NULL, NULL, '2018-12-14 00:00:00', NULL, NULL, NULL, NULL, '2018-12-14 00:32:26', '2018-12-14 00:32:26', NULL, 1, NULL, NULL, NULL, NULL),
(26, 32, 75, 2075, 600000.00, 10.00, NULL, NULL, '2018-12-14 00:00:00', NULL, NULL, NULL, NULL, '2018-12-14 00:32:42', '2018-12-14 00:32:42', NULL, 1, NULL, NULL, NULL, NULL),
(27, 33, 77, 2075, 400000.00, 10.00, NULL, NULL, '2018-12-14 00:00:00', NULL, NULL, NULL, NULL, '2018-12-14 00:33:52', '2018-12-14 00:33:52', NULL, 1, NULL, NULL, NULL, NULL),
(28, 33, 77, 2075, 1500000.00, 10.00, NULL, NULL, '2018-12-14 00:00:00', NULL, NULL, NULL, NULL, '2018-12-14 00:34:03', '2018-12-14 00:34:03', NULL, 1, NULL, NULL, NULL, NULL),
(29, 31, 89, 2075, 60000.00, 10.00, NULL, NULL, '2018-12-14 00:00:00', NULL, NULL, NULL, NULL, '2018-12-14 00:35:53', '2019-01-07 10:28:10', NULL, 1, 9, NULL, NULL, NULL),
(30, 31, 89, 2075, 80000.00, 10.00, NULL, NULL, '2018-12-14 00:00:00', NULL, NULL, NULL, NULL, '2018-12-14 00:36:10', '2019-01-07 10:28:22', NULL, 1, 9, NULL, NULL, NULL),
(31, 28, 91, 2075, 50000.00, 10.00, NULL, NULL, '2018-12-14 00:00:00', NULL, NULL, NULL, NULL, '2018-12-14 00:37:08', '2019-01-07 10:28:44', NULL, 1, 9, NULL, NULL, NULL),
(32, 28, 91, 2075, 70000.00, 10.00, NULL, NULL, '2018-12-14 00:00:00', NULL, NULL, NULL, NULL, '2018-12-14 00:37:17', '2019-01-07 10:28:52', NULL, 1, 9, NULL, NULL, NULL),
(33, 36, 85, 2075, 500000.00, 10.00, NULL, NULL, '2019-01-07 00:00:00', NULL, NULL, NULL, 'test', '2019-01-07 06:59:40', '2019-01-07 06:59:40', NULL, 1, NULL, NULL, NULL, NULL),
(34, 36, 84, 2075, 10000.00, 10.00, NULL, NULL, '2019-01-07 00:00:00', NULL, NULL, NULL, 'test', '2019-01-07 06:59:54', '2019-01-07 06:59:54', NULL, 1, NULL, NULL, NULL, NULL),
(35, 35, 87, 2075, 250000.00, 10.00, NULL, NULL, '2019-01-07 00:00:00', NULL, NULL, NULL, 'harga satu dus 6 kaleng', '2019-01-07 07:03:08', '2019-01-07 07:03:08', NULL, 1, NULL, NULL, NULL, NULL),
(36, 35, 86, 2075, 15000.00, 10.00, NULL, NULL, '2019-01-07 00:00:00', NULL, NULL, NULL, 'harga sekilo', '2019-01-07 07:03:20', '2019-01-07 07:03:20', NULL, 1, NULL, NULL, NULL, NULL),
(37, 40, 113, 2075, 50000.00, 10.00, NULL, NULL, '2019-01-15 00:00:00', NULL, NULL, NULL, NULL, '2019-01-15 14:58:52', '2019-01-15 14:58:52', NULL, 1, NULL, NULL, NULL, NULL),
(38, 39, 107, 2075, 52000.00, 10.00, NULL, NULL, '2019-01-15 00:00:00', NULL, NULL, NULL, NULL, '2019-01-15 14:59:36', '2019-01-15 14:59:36', NULL, 1, NULL, NULL, NULL, NULL),
(39, 38, 108, 2075, 72000.00, 10.00, NULL, NULL, '2019-01-15 00:00:00', NULL, NULL, NULL, NULL, '2019-01-15 15:00:15', '2019-01-15 15:00:15', NULL, 1, NULL, NULL, NULL, NULL),
(40, 37, 110, 2075, 84000.00, 10.00, NULL, NULL, '2019-01-15 00:00:00', NULL, NULL, NULL, NULL, '2019-01-15 15:00:40', '2019-01-15 15:00:40', NULL, 1, NULL, NULL, NULL, NULL),
(41, 120, 111, 2076, 5000.00, 10.00, NULL, NULL, '2019-01-28 00:00:00', NULL, NULL, NULL, NULL, '2019-01-28 04:44:39', '2019-01-28 04:44:39', NULL, 1, NULL, NULL, NULL, NULL),
(42, 114, 93, 2076, 1500000.00, 10.00, NULL, NULL, '2019-01-28 00:00:00', NULL, NULL, NULL, NULL, '2019-01-28 04:54:41', '2019-01-28 04:54:41', NULL, 1, NULL, NULL, NULL, NULL),
(43, 154, 113, 105, 51000.00, 10.00, NULL, NULL, '2019-01-30 00:00:00', NULL, NULL, NULL, 'harga satu rim', '2019-01-30 03:27:53', '2019-01-30 03:27:53', NULL, 1, NULL, NULL, NULL, NULL),
(44, 153, 107, 105, 53000.00, 10.00, NULL, NULL, '2019-01-30 00:00:00', NULL, NULL, NULL, NULL, '2019-01-30 03:28:29', '2019-01-30 03:28:29', NULL, 1, NULL, NULL, NULL, NULL),
(45, 152, 108, 105, 71000.00, 10.00, NULL, NULL, '2019-01-30 00:00:00', NULL, NULL, NULL, NULL, '2019-01-30 03:29:02', '2019-01-30 03:29:02', NULL, 1, NULL, NULL, NULL, NULL),
(46, 151, 110, 105, 60000.00, 10.00, NULL, NULL, '2019-01-30 00:00:00', NULL, NULL, NULL, NULL, '2019-01-30 03:30:26', '2019-01-30 03:30:26', NULL, 1, NULL, NULL, NULL, NULL),
(47, 134, 101, 105, 5000000.00, 10.00, NULL, NULL, '2019-01-30 00:00:00', NULL, NULL, NULL, NULL, '2019-01-30 04:20:28', '2019-01-30 04:20:28', NULL, 20, NULL, NULL, NULL, NULL),
(48, 134, 101, 105, 8000000.00, 10.00, NULL, NULL, '2019-01-30 00:00:00', NULL, NULL, NULL, NULL, '2019-01-30 08:11:05', '2019-01-30 08:11:05', NULL, 1, NULL, NULL, NULL, NULL),
(50, 154, 113, 105, 52000.00, 10.00, NULL, NULL, '2019-02-02 00:00:00', NULL, NULL, NULL, 'harga terbarus', '2019-02-02 07:06:11', '2019-02-02 07:20:49', NULL, 1, 1, NULL, NULL, NULL),
(51, 146, 105, 105, 60000.00, NULL, NULL, NULL, '2019-02-12 00:00:00', NULL, NULL, NULL, 'harga terbaru', '2019-02-12 07:38:15', '2019-02-12 07:48:00', NULL, 1, 1, NULL, NULL, NULL),
(52, 141, 104, 105, 200000.00, 10.00, NULL, NULL, '2019-02-12 00:00:00', NULL, NULL, NULL, 'test', '2019-02-12 07:38:41', '2019-02-12 07:38:41', NULL, 1, NULL, NULL, NULL, NULL),
(53, 147, 103, 105, 500000.00, 10.00, NULL, NULL, '2019-02-12 00:00:00', NULL, NULL, NULL, NULL, '2019-02-12 07:39:30', '2019-02-12 07:39:30', NULL, 1, NULL, NULL, NULL, NULL);

-- --------------------------------------------------------

--
-- Table structure for table `item_projects`
--

CREATE TABLE `item_projects` (
  `id` int(10) UNSIGNED NOT NULL,
  `item_id` int(11) DEFAULT NULL,
  `project_id` int(11) DEFAULT NULL,
  `default_warehouse_id` int(11) DEFAULT NULL,
  `stock_min` int(11) DEFAULT NULL,
  `pph` double(15,2) DEFAULT NULL,
  `satuan_warning` smallint(6) DEFAULT NULL,
  `is_inventory` smallint(6) DEFAULT NULL,
  `is_consumable` smallint(6) DEFAULT NULL,
  `description` text COLLATE utf8mb4_unicode_ci,
  `created_at` timestamp NULL DEFAULT NULL,
  `updated_at` timestamp NULL DEFAULT NULL,
  `deleted_at` timestamp NULL DEFAULT NULL,
  `created_by` int(11) DEFAULT NULL,
  `updated_by` int(11) DEFAULT NULL,
  `deleted_by` int(11) DEFAULT NULL,
  `inactive_at` timestamp NULL DEFAULT NULL,
  `inactive_by` int(11) DEFAULT NULL
) ENGINE=InnoDB DEFAULT CHARSET=utf8mb4 COLLATE=utf8mb4_unicode_ci;

--
-- Dumping data for table `item_projects`
--

INSERT INTO `item_projects` (`id`, `item_id`, `project_id`, `default_warehouse_id`, `stock_min`, `pph`, `satuan_warning`, `is_inventory`, `is_consumable`, `description`, `created_at`, `updated_at`, `deleted_at`, `created_by`, `updated_by`, `deleted_by`, `inactive_at`, `inactive_by`) VALUES
(18, 45, 2075, NULL, 1, 0.00, NULL, 1, 0, 'CORE I3', '2018-12-10 21:43:58', '2018-12-10 21:43:58', NULL, NULL, NULL, NULL, NULL, NULL),
(19, 46, 2075, NULL, 1, 0.00, NULL, 1, 0, 'CORE I5', '2018-12-10 21:44:18', '2018-12-10 21:44:18', NULL, NULL, NULL, NULL, NULL, NULL),
(20, 47, 2075, NULL, 1, 0.00, NULL, 1, 0, 'CORE I7', '2018-12-10 21:47:30', '2018-12-10 21:47:30', NULL, NULL, NULL, NULL, NULL, NULL),
(21, 48, 2075, NULL, 1, 0.00, NULL, 1, 0, 'TV 24 INCH', '2018-12-10 21:47:55', '2018-12-10 21:47:55', NULL, NULL, NULL, NULL, NULL, NULL),
(22, 49, 2075, NULL, 1, 0.00, NULL, 1, 0, 'TV 32 INCH', '2018-12-10 21:48:08', '2018-12-10 21:48:08', NULL, NULL, NULL, NULL, NULL, NULL),
(23, 50, 2075, NULL, 1, 0.00, NULL, 0, 0, 'TV 17 INCH', '2018-12-10 21:48:23', '2018-12-10 21:48:23', NULL, NULL, NULL, NULL, NULL, NULL),
(24, 51, 2075, NULL, 0, 0.00, NULL, 0, 0, 'XIAOMI REDMI 2', '2018-12-10 21:48:54', '2018-12-10 21:48:54', NULL, NULL, NULL, NULL, NULL, NULL),
(25, 52, 2075, NULL, 1, 0.00, NULL, 1, 0, 'XIAOMI REDMI 6 PRO', '2018-12-10 21:49:17', '2018-12-10 21:49:17', NULL, NULL, NULL, NULL, NULL, NULL),
(26, 54, 2075, NULL, 10, 0.00, NULL, 1, 0, 'MEJA OLYMPIC', '2018-12-10 21:49:44', '2018-12-10 21:49:44', NULL, NULL, NULL, NULL, NULL, NULL),
(28, 56, 2075, NULL, 45, 0.00, NULL, 0, 1, 'SEMEN 45 KG', '2018-12-10 21:50:18', '2018-12-10 21:50:56', NULL, NULL, NULL, NULL, NULL, NULL),
(29, 53, 2075, NULL, 1, 0.00, NULL, 0, 1, 'XIAOMI REDMI 3S', '2018-12-10 23:13:58', '2018-12-11 00:43:06', NULL, NULL, NULL, NULL, NULL, NULL),
(30, 58, 2075, NULL, 1, 0.00, NULL, 1, 0, 'TV 14 INCH', '2018-12-10 23:14:23', '2018-12-11 00:47:00', NULL, NULL, NULL, NULL, NULL, NULL),
(31, 57, 2075, NULL, 1, 0.00, NULL, 0, 1, 'SEMEN 50 KG', '2018-12-10 23:14:32', '2018-12-11 00:48:30', NULL, NULL, NULL, NULL, NULL, NULL),
(32, 59, 2075, NULL, 1, 0.00, NULL, 1, 0, 'KURSI OLYMPIC', '2018-12-10 23:14:45', '2018-12-11 00:57:03', NULL, NULL, NULL, NULL, NULL, NULL),
(33, 60, 2075, NULL, 1, 0.00, NULL, 1, 0, 'LEMARI OLYMPIC', '2018-12-10 23:15:00', '2018-12-11 00:57:36', NULL, NULL, NULL, NULL, NULL, NULL),
(34, 61, 2075, NULL, 1, 0.00, NULL, 1, 0, 'AC SUPER', '2018-12-10 23:15:48', '2018-12-11 00:58:18', NULL, NULL, NULL, NULL, NULL, NULL),
(35, 62, 2075, NULL, NULL, NULL, NULL, 0, 0, 'CAT NIPPON PAINT', '2019-01-01 21:08:22', '2019-01-01 21:08:22', NULL, NULL, NULL, NULL, NULL, NULL),
(36, 63, 2075, NULL, NULL, NULL, 1, 0, 0, 'CAT DULUX PAINT', '2019-01-01 21:08:35', '2019-01-01 21:08:35', NULL, NULL, NULL, NULL, NULL, NULL),
(37, 64, 2075, NULL, 1, 1.50, 1, 1, 0, NULL, '2019-01-15 14:57:22', '2019-01-15 14:57:22', NULL, NULL, NULL, NULL, NULL, NULL),
(38, 65, 2075, NULL, 1, 1.01, 1, 1, 0, NULL, '2019-01-15 14:57:45', '2019-01-15 14:57:45', NULL, NULL, NULL, NULL, NULL, NULL),
(39, 67, 2075, NULL, 1, 1.00, 1, 1, 0, NULL, '2019-01-15 14:58:05', '2019-01-15 14:58:05', NULL, NULL, NULL, NULL, NULL, NULL),
(40, 68, 2075, NULL, 1, 1.00, 1, 1, 0, NULL, '2019-01-15 14:58:20', '2019-01-15 14:58:20', NULL, NULL, NULL, NULL, NULL, NULL),
(110, 53, 2076, NULL, 2, 0.02, 1, 1, 0, 'test', '2019-01-19 02:29:30', '2019-01-19 02:29:30', NULL, NULL, NULL, NULL, NULL, NULL),
(111, 54, 2076, NULL, 2, 0.02, 1, 1, 0, 'test', '2019-01-19 02:29:30', '2019-01-19 02:29:30', NULL, NULL, NULL, NULL, NULL, NULL),
(112, 56, 2076, NULL, 2, 0.02, 1, 1, 0, 'test', '2019-01-19 02:29:30', '2019-01-19 02:29:30', NULL, NULL, NULL, NULL, NULL, NULL),
(113, 57, 2076, NULL, 2, 0.02, 1, 1, 0, 'test', '2019-01-19 02:29:30', '2019-01-19 02:29:30', NULL, NULL, NULL, NULL, NULL, NULL),
(114, 58, 2076, NULL, 2, 0.02, 1, 1, 0, 'test', '2019-01-19 02:29:30', '2019-01-19 02:29:30', NULL, NULL, NULL, NULL, NULL, NULL),
(115, 59, 2076, NULL, 2, 0.02, 1, 1, 0, 'test', '2019-01-19 02:29:30', '2019-01-19 02:29:30', NULL, NULL, NULL, NULL, NULL, NULL),
(116, 60, 2076, NULL, 2, 0.02, 1, 1, 0, 'test', '2019-01-19 02:29:30', '2019-01-19 02:29:30', NULL, NULL, NULL, NULL, NULL, NULL),
(117, 61, 2076, NULL, 2, 0.02, 1, 1, 0, 'test', '2019-01-19 02:29:30', '2019-01-19 02:29:30', NULL, NULL, NULL, NULL, NULL, NULL),
(118, 62, 2076, NULL, 2, 0.02, 1, 1, 0, 'test', '2019-01-19 02:29:30', '2019-01-19 02:29:30', NULL, NULL, NULL, NULL, NULL, NULL),
(119, 63, 2076, NULL, 2, 0.02, 1, 1, 0, 'test', '2019-01-19 02:29:30', '2019-01-19 02:29:30', NULL, NULL, NULL, NULL, NULL, NULL),
(120, 64, 2076, NULL, 2, 0.02, 1, 1, 0, 'test', '2019-01-19 02:29:30', '2019-01-19 02:29:30', NULL, NULL, NULL, NULL, NULL, NULL),
(121, 65, 2076, NULL, 2, 0.02, 1, 1, 0, 'test', '2019-01-19 02:29:30', '2019-01-19 02:29:30', NULL, NULL, NULL, NULL, NULL, NULL),
(122, 66, 2076, NULL, 2, 0.02, 1, 1, 0, 'test', '2019-01-19 02:29:30', '2019-01-19 02:29:30', NULL, NULL, NULL, NULL, NULL, NULL),
(123, 67, 2076, NULL, 2, 0.02, 1, 1, 0, 'test', '2019-01-19 02:29:30', '2019-01-19 02:29:30', NULL, NULL, NULL, NULL, NULL, NULL),
(124, 68, 2076, NULL, 2, 0.02, 1, 1, 0, 'test', '2019-01-19 02:29:30', '2019-01-19 02:29:30', NULL, NULL, NULL, NULL, NULL, NULL),
(125, 45, 2076, NULL, 1, 0.00, NULL, 1, 0, 'CORE I3', '2019-01-28 04:43:10', '2019-01-28 04:43:10', NULL, NULL, NULL, NULL, NULL, NULL),
(126, 46, 2076, NULL, 1, 0.00, NULL, 1, 0, 'CORE I5', '2019-01-28 04:43:10', '2019-01-28 04:43:10', NULL, NULL, NULL, NULL, NULL, NULL),
(127, 47, 2076, NULL, 1, 0.00, NULL, 1, 0, 'CORE I7', '2019-01-28 04:43:10', '2019-01-28 04:43:10', NULL, NULL, NULL, NULL, NULL, NULL),
(128, 48, 2076, NULL, 1, 0.00, NULL, 1, 0, 'TV 24 INCH', '2019-01-28 04:43:10', '2019-01-28 04:43:10', NULL, NULL, NULL, NULL, NULL, NULL),
(129, 49, 2076, NULL, 1, 0.00, NULL, 1, 0, 'TV 32 INCH', '2019-01-28 04:43:10', '2019-01-28 04:43:10', NULL, NULL, NULL, NULL, NULL, NULL),
(130, 50, 2076, NULL, 1, 0.00, NULL, 0, 0, 'TV 17 INCH', '2019-01-28 04:43:10', '2019-01-28 04:43:10', NULL, NULL, NULL, NULL, NULL, NULL),
(131, 51, 2076, NULL, 0, 0.00, NULL, 0, 0, 'XIAOMI REDMI 2', '2019-01-28 04:43:10', '2019-01-28 04:43:10', NULL, NULL, NULL, NULL, NULL, NULL),
(132, 52, 2076, NULL, 1, 0.00, NULL, 1, 0, 'XIAOMI REDMI 6 PRO', '2019-01-28 04:43:10', '2019-01-28 04:43:10', NULL, NULL, NULL, NULL, NULL, NULL),
(133, 45, 105, NULL, 1, 0.00, NULL, 1, 0, 'CORE I3', '2019-01-30 03:18:11', '2019-01-30 03:18:11', NULL, NULL, NULL, NULL, NULL, NULL),
(134, 46, 105, NULL, 1, 0.00, NULL, 1, 0, 'CORE I5', '2019-01-30 03:18:11', '2019-01-30 03:18:11', NULL, NULL, NULL, NULL, NULL, NULL),
(135, 47, 105, NULL, 1, 0.00, NULL, 1, 0, 'CORE I7', '2019-01-30 03:18:11', '2019-01-30 03:18:11', NULL, NULL, NULL, NULL, NULL, NULL),
(136, 48, 105, NULL, 1, 0.00, NULL, 1, 0, 'TV 24 INCH', '2019-01-30 03:18:11', '2019-01-30 03:18:11', NULL, NULL, NULL, NULL, NULL, NULL),
(137, 49, 105, NULL, 1, 0.00, NULL, 1, 0, 'TV 32 INCH', '2019-01-30 03:18:11', '2019-01-30 03:18:11', NULL, NULL, NULL, NULL, NULL, NULL),
(138, 50, 105, NULL, 1, 0.00, NULL, 0, 0, 'TV 17 INCH', '2019-01-30 03:18:11', '2019-01-30 03:18:11', NULL, NULL, NULL, NULL, NULL, NULL),
(139, 51, 105, NULL, 0, 0.00, NULL, 0, 0, 'XIAOMI REDMI 2', '2019-01-30 03:18:11', '2019-01-30 03:18:11', NULL, NULL, NULL, NULL, NULL, NULL),
(140, 52, 105, NULL, 1, 0.00, NULL, 1, 0, 'XIAOMI REDMI 6 PRO', '2019-01-30 03:18:11', '2019-01-30 03:18:11', NULL, NULL, NULL, NULL, NULL, NULL),
(141, 54, 105, NULL, 10, 0.00, NULL, 1, 0, 'MEJA OLYMPIC', '2019-01-30 03:18:11', '2019-01-30 03:18:11', NULL, NULL, NULL, NULL, NULL, NULL),
(142, 56, 105, NULL, 45, 0.00, NULL, 0, 1, 'SEMEN 45 KG', '2019-01-30 03:18:11', '2019-01-30 03:18:11', NULL, NULL, NULL, NULL, NULL, NULL),
(143, 53, 105, NULL, 1, 0.00, NULL, 0, 1, 'XIAOMI REDMI 3S', '2019-01-30 03:18:11', '2019-01-30 03:18:11', NULL, NULL, NULL, NULL, NULL, NULL),
(144, 58, 105, NULL, 1, 0.00, NULL, 1, 0, 'TV 14 INCH', '2019-01-30 03:18:11', '2019-01-30 03:18:11', NULL, NULL, NULL, NULL, NULL, NULL),
(145, 57, 105, NULL, 1, 0.00, NULL, 0, 1, 'SEMEN 50 KG', '2019-01-30 03:18:11', '2019-01-30 03:18:11', NULL, NULL, NULL, NULL, NULL, NULL),
(146, 59, 105, NULL, 1, 0.00, NULL, 1, 0, 'KURSI OLYMPIC', '2019-01-30 03:18:11', '2019-01-30 03:18:11', NULL, NULL, NULL, NULL, NULL, NULL),
(147, 60, 105, NULL, 1, 0.00, NULL, 1, 0, 'LEMARI OLYMPIC', '2019-01-30 03:18:11', '2019-01-30 03:18:11', NULL, NULL, NULL, NULL, NULL, NULL),
(148, 61, 105, NULL, 1, 0.00, NULL, 1, 0, 'AC SUPER', '2019-01-30 03:18:11', '2019-01-30 03:18:11', NULL, NULL, NULL, NULL, NULL, NULL),
(149, 62, 105, NULL, NULL, NULL, NULL, 0, 0, 'CAT NIPPON PAINT', '2019-01-30 03:18:11', '2019-01-30 03:18:11', NULL, NULL, NULL, NULL, NULL, NULL),
(150, 63, 105, NULL, NULL, NULL, 1, 0, 0, 'CAT DULUX PAINT', '2019-01-30 03:18:11', '2019-01-30 03:18:11', NULL, NULL, NULL, NULL, NULL, NULL),
(151, 64, 105, NULL, 1, 1.50, 1, 1, 0, NULL, '2019-01-30 03:18:11', '2019-01-30 03:18:11', NULL, NULL, NULL, NULL, NULL, NULL),
(152, 65, 105, NULL, 1, 1.01, 1, 1, 0, NULL, '2019-01-30 03:18:11', '2019-01-30 03:18:11', NULL, NULL, NULL, NULL, NULL, NULL),
(153, 67, 105, NULL, 1, 1.00, 1, 1, 0, NULL, '2019-01-30 03:18:11', '2019-01-30 03:18:11', NULL, NULL, NULL, NULL, NULL, NULL),
(154, 68, 105, NULL, 1, 1.00, 1, 1, 0, NULL, '2019-01-30 03:18:11', '2019-01-30 03:18:11', NULL, NULL, NULL, NULL, NULL, NULL),
(155, 76, 105, NULL, 10, 15.00, 1, 1, 0, NULL, '2019-02-06 07:36:46', '2019-02-06 07:36:46', NULL, NULL, NULL, NULL, NULL, NULL),
(156, 73, 105, NULL, 10, 15.00, 1, 1, 0, NULL, '2019-02-06 07:36:46', '2019-02-06 07:36:46', NULL, NULL, NULL, NULL, NULL, NULL),
(157, 70, 105, NULL, 10, 15.00, 1, 1, 0, NULL, '2019-02-06 07:36:47', '2019-02-06 07:36:47', NULL, NULL, NULL, NULL, NULL, NULL),
(158, 72, 105, NULL, 10, 15.00, 1, 1, 0, NULL, '2019-02-06 07:36:47', '2019-02-06 07:36:47', NULL, NULL, NULL, NULL, NULL, NULL),
(159, 69, 105, NULL, 10, 15.00, 1, 1, 0, NULL, '2019-02-06 07:36:47', '2019-02-06 07:36:47', NULL, NULL, NULL, NULL, NULL, NULL),
(160, 77, 105, NULL, 100, 10.00, 1, 1, 1, NULL, '2019-02-06 07:37:56', '2019-02-06 07:37:56', NULL, NULL, NULL, NULL, NULL, NULL),
(161, 78, 105, NULL, 100, 10.00, 1, 1, 1, NULL, '2019-02-06 07:37:56', '2019-02-06 07:37:56', NULL, NULL, NULL, NULL, NULL, NULL);

-- --------------------------------------------------------

--
-- Table structure for table `item_satuans`
--

CREATE TABLE `item_satuans` (
  `id` int(10) UNSIGNED NOT NULL,
  `id_satuan` int(11) DEFAULT NULL,
  `item_id` int(11) NOT NULL,
  `name` varchar(191) COLLATE utf8mb4_unicode_ci NOT NULL,
  `konversi` int(11) NOT NULL,
  `created_at` timestamp NULL DEFAULT NULL,
  `updated_at` timestamp NULL DEFAULT NULL,
  `deleted_at` timestamp NULL DEFAULT NULL,
  `created_by` int(11) DEFAULT NULL,
  `updated_by` int(11) DEFAULT NULL,
  `deleted_by` int(11) DEFAULT NULL,
  `inactive_at` timestamp NULL DEFAULT NULL,
  `inactive_by` int(11) DEFAULT NULL
) ENGINE=InnoDB DEFAULT CHARSET=utf8mb4 COLLATE=utf8mb4_unicode_ci;

--
-- Dumping data for table `item_satuans`
--

INSERT INTO `item_satuans` (`id`, `id_satuan`, `item_id`, `name`, `konversi`, `created_at`, `updated_at`, `deleted_at`, `created_by`, `updated_by`, `deleted_by`, `inactive_at`, `inactive_by`) VALUES
(84, 35, 63, 'KG', 1, '2019-01-07 02:45:45', '2019-01-07 02:45:45', NULL, 1, NULL, NULL, NULL, NULL),
(85, 39, 63, 'KALENG 50 KG', 50, '2019-01-07 02:45:52', '2019-01-07 03:14:09', NULL, 1, 20, NULL, NULL, NULL),
(86, 35, 62, 'KG', 1, '2019-01-07 02:46:19', '2019-01-07 02:46:19', NULL, 1, NULL, NULL, NULL, NULL),
(87, 37, 62, 'DUS CAT/ 5 kg', 30, '2019-01-07 02:46:23', '2019-01-07 02:51:12', NULL, 1, 1, NULL, NULL, NULL),
(88, 35, 57, 'KG', 1, '2019-01-07 02:51:30', '2019-01-07 02:51:30', NULL, 1, NULL, NULL, NULL, NULL),
(89, 36, 57, 'SAK 50 KG', 50, '2019-01-07 02:51:35', '2019-01-07 02:51:35', NULL, 1, NULL, NULL, NULL, NULL),
(90, 35, 56, 'KG', 1, '2019-01-07 02:53:45', '2019-01-07 02:53:45', NULL, 1, NULL, NULL, NULL, NULL),
(91, 38, 56, 'SAK 45 KG', 45, '2019-01-07 02:53:50', '2019-01-07 09:29:32', NULL, 1, 1, NULL, NULL, NULL),
(92, 34, 61, 'UNIT', 1, '2019-01-08 09:48:09', '2019-01-08 09:48:09', NULL, 1, NULL, NULL, NULL, NULL),
(93, 34, 58, 'UNIT', 1, '2019-01-08 09:48:34', '2019-01-08 09:48:34', NULL, 1, NULL, NULL, NULL, NULL),
(94, 34, 49, 'UNIT', 1, '2019-01-08 09:48:51', '2019-01-08 09:48:51', NULL, 1, NULL, NULL, NULL, NULL),
(95, 34, 50, 'UNIT', 1, '2019-01-08 09:49:05', '2019-01-08 09:49:05', NULL, 1, NULL, NULL, NULL, NULL),
(96, 34, 48, 'UNIT', 1, '2019-01-08 09:49:23', '2019-01-08 09:49:23', NULL, 1, NULL, NULL, NULL, NULL),
(97, 34, 53, 'UNIT', 1, '2019-01-08 09:49:34', '2019-01-08 09:49:34', NULL, 1, NULL, NULL, NULL, NULL),
(98, 34, 52, 'UNIT', 1, '2019-01-08 09:49:52', '2019-01-08 09:49:52', NULL, 1, NULL, NULL, NULL, NULL),
(99, 34, 51, 'UNIT', 1, '2019-01-08 09:50:05', '2019-01-08 09:50:05', NULL, 1, NULL, NULL, NULL, NULL),
(100, 34, 47, 'UNIT', 1, '2019-01-08 09:50:18', '2019-01-08 09:50:18', NULL, 1, NULL, NULL, NULL, NULL),
(101, 34, 46, 'UNIT', 1, '2019-01-08 09:50:32', '2019-01-08 09:50:32', NULL, 1, NULL, NULL, NULL, NULL),
(102, 34, 45, 'UNIT', 1, '2019-01-08 09:50:44', '2019-01-08 09:50:44', NULL, 1, NULL, NULL, NULL, NULL),
(103, 34, 60, 'UNIT', 1, '2019-01-13 05:12:58', '2019-01-13 05:12:58', NULL, 1, NULL, NULL, NULL, NULL),
(104, 34, 54, 'UNIT', 1, '2019-01-13 05:13:15', '2019-01-13 05:13:15', NULL, 1, NULL, NULL, NULL, NULL),
(105, 34, 59, 'UNIT', 1, '2019-01-13 05:14:04', '2019-01-13 05:14:04', NULL, 1, NULL, NULL, NULL, NULL),
(106, 40, 67, 'LEMBAR', 1, '2019-01-15 14:54:10', '2019-01-15 14:54:10', NULL, 1, NULL, NULL, NULL, NULL),
(107, 43, 67, 'RIM', 500, '2019-01-15 14:54:14', '2019-01-15 14:54:14', NULL, 1, NULL, NULL, NULL, NULL),
(108, 42, 65, 'LUSIN', 12, '2019-01-15 14:54:34', '2019-01-15 14:54:34', NULL, 1, NULL, NULL, NULL, NULL),
(109, 41, 65, 'BUAH', 1, '2019-01-15 14:54:38', '2019-01-15 14:54:38', NULL, 1, NULL, NULL, NULL, NULL),
(110, 42, 64, 'LUSIN', 12, '2019-01-15 14:55:23', '2019-01-15 14:55:23', NULL, 1, NULL, NULL, NULL, NULL),
(111, 41, 64, 'BUAH', 1, '2019-01-15 14:55:28', '2019-01-15 14:55:28', NULL, 1, NULL, NULL, NULL, NULL),
(112, 40, 68, 'LEMBAR', 1, '2019-01-15 14:55:59', '2019-01-15 14:55:59', NULL, 1, NULL, NULL, NULL, NULL),
(113, 43, 68, 'RIM', 500, '2019-01-15 14:56:03', '2019-01-15 14:56:03', NULL, 1, NULL, NULL, NULL, NULL),
(114, 43, 66, 'RIM', 500, '2019-01-15 14:56:16', '2019-01-15 14:56:16', NULL, 1, NULL, NULL, NULL, NULL),
(115, 40, 66, 'LEMBAR', 1, '2019-01-15 14:56:23', '2019-01-15 14:56:23', NULL, 1, NULL, NULL, NULL, NULL),
(116, 34, 69, 'UNIT', 1, '2019-02-06 06:43:22', '2019-02-06 06:43:22', NULL, 20, NULL, NULL, NULL, NULL),
(117, 34, 70, 'UNIT', 1, '2019-02-06 06:57:24', '2019-02-06 06:57:24', NULL, 20, NULL, NULL, NULL, NULL),
(118, 34, 72, 'UNIT', 1, '2019-02-06 06:58:16', '2019-02-06 06:58:16', NULL, 20, NULL, NULL, NULL, NULL),
(119, 34, 73, 'UNIT', 1, '2019-02-06 07:00:16', '2019-02-06 07:00:16', NULL, 20, NULL, NULL, NULL, NULL),
(120, 40, 77, 'LEMBAR', 1, '2019-02-06 07:20:02', '2019-02-06 07:20:02', NULL, 20, NULL, NULL, NULL, NULL),
(121, 43, 77, 'RIM', 500, '2019-02-06 07:20:19', '2019-02-06 07:20:19', NULL, 20, NULL, NULL, NULL, NULL),
(122, 40, 78, 'LEMBAR', 1, '2019-02-06 07:21:14', '2019-02-06 07:21:14', NULL, 20, NULL, NULL, NULL, NULL),
(123, 43, 78, 'RIM', 500, '2019-02-06 07:21:23', '2019-02-06 07:21:23', NULL, 20, NULL, NULL, NULL, NULL),
(124, 34, 79, 'UNIT', 1, '2019-02-06 07:48:49', '2019-02-06 07:48:49', NULL, 20, NULL, NULL, NULL, NULL),
(125, 34, 80, 'UNIT', 1, '2019-02-06 07:50:34', '2019-02-06 07:50:34', NULL, 20, NULL, NULL, NULL, NULL),
(126, 42, 80, 'LUSIN', 12, '2019-02-06 07:50:39', '2019-02-06 07:50:39', NULL, 20, NULL, NULL, NULL, NULL);

-- --------------------------------------------------------

--
-- Table structure for table `pemenang_tender_purchase_request`
--

CREATE TABLE `pemenang_tender_purchase_request` (
  `id` int(11) NOT NULL,
  `id_tpr_penawaran` int(11) DEFAULT NULL,
  `id_rekanan` int(11) DEFAULT NULL,
  `created_at` timestamp NULL DEFAULT NULL ON UPDATE CURRENT_TIMESTAMP,
  `updated_at` timestamp NULL DEFAULT NULL ON UPDATE CURRENT_TIMESTAMP,
  `deleted_at` timestamp NULL DEFAULT NULL ON UPDATE CURRENT_TIMESTAMP,
  `created_by` int(11) DEFAULT NULL,
  `updated_by` int(11) DEFAULT NULL,
  `deleted_by` int(11) DEFAULT NULL,
  `inactive_at` timestamp NULL DEFAULT NULL ON UPDATE CURRENT_TIMESTAMP,
  `inactive_by` int(11) DEFAULT NULL
) ENGINE=InnoDB DEFAULT CHARSET=utf8 COLLATE=utf8_unicode_ci;

-- --------------------------------------------------------

--
-- Table structure for table `pemenang_tender_purchase_request_details`
--

CREATE TABLE `pemenang_tender_purchase_request_details` (
  `id` int(10) UNSIGNED NOT NULL,
  `id_pemenang_tender_pr` int(11) DEFAULT NULL,
  `tender_penawaran_id` int(11) DEFAULT NULL,
  `nilai` float(11,2) DEFAULT NULL,
  `ppn` tinyint(4) DEFAULT NULL,
  `volume` float(11,2) DEFAULT NULL,
  `brand_id` int(11) DEFAULT NULL,
  `item_id` int(11) DEFAULT NULL,
  `item_satuan_id` int(11) DEFAULT NULL,
  `created_at` timestamp NULL DEFAULT NULL,
  `updated_at` timestamp NULL DEFAULT NULL,
  `deleted_at` timestamp NULL DEFAULT NULL,
  `created_by` int(11) DEFAULT NULL,
  `updated_by` int(11) DEFAULT NULL,
  `deleted_by` int(11) DEFAULT NULL,
  `inactive_at` timestamp NULL DEFAULT NULL,
  `inactive_by` int(11) DEFAULT NULL
) ENGINE=InnoDB DEFAULT CHARSET=utf8mb4 COLLATE=utf8mb4_unicode_ci;

-- --------------------------------------------------------

--
-- Table structure for table `purchaseorders`
--

CREATE TABLE `purchaseorders` (
  `id` int(10) UNSIGNED NOT NULL,
  `project_for_id` int(11) NOT NULL,
  `id_tender_menang` int(11) NOT NULL,
  `no` varchar(191) COLLATE utf8mb4_unicode_ci NOT NULL,
  `rekanan_id` int(11) NOT NULL,
  `description` varchar(191) COLLATE utf8mb4_unicode_ci DEFAULT NULL,
  `created_at` timestamp NULL DEFAULT NULL,
  `updated_at` timestamp NULL DEFAULT NULL,
  `deleted_at` timestamp NULL DEFAULT NULL,
  `created_by` int(11) DEFAULT NULL,
  `updated_by` int(11) DEFAULT NULL,
  `deleted_by` int(11) DEFAULT NULL,
  `inactive_at` timestamp NULL DEFAULT NULL,
  `inactive_by` int(11) DEFAULT NULL
) ENGINE=InnoDB DEFAULT CHARSET=utf8mb4 COLLATE=utf8mb4_unicode_ci;

--
-- Dumping data for table `purchaseorders`
--

INSERT INTO `purchaseorders` (`id`, `project_for_id`, `id_tender_menang`, `no`, `rekanan_id`, `description`, `created_at`, `updated_at`, `deleted_at`, `created_by`, `updated_by`, `deleted_by`, `inactive_at`, `inactive_by`) VALUES
(1, 105, 7, '0001//PO/CD/III/2019/CTGL/3200', 3, 'PO 1', '2019-03-01 09:35:06', '2019-03-01 09:35:06', NULL, 1, NULL, NULL, NULL, NULL),
(2, 105, 20, '0002//PO/CD/III/2019/CTGL/3200', 4, 'PO 2', '2019-03-13 07:48:58', '2019-03-13 07:48:58', NULL, 1, NULL, NULL, NULL, NULL),
(3, 105, 21, '0003//PO/CD/III/2019/CTGL/3200', 4, NULL, '2019-03-13 08:50:52', '2019-03-13 08:50:52', NULL, 1, NULL, NULL, NULL, NULL);

-- --------------------------------------------------------

--
-- Table structure for table `purchaseorder_details`
--

CREATE TABLE `purchaseorder_details` (
  `id` int(10) UNSIGNED NOT NULL,
  `purchaseorder_id` int(11) NOT NULL,
  `item_id` int(11) NOT NULL,
  `brand_id` int(11) NOT NULL,
  `quantity` int(11) NOT NULL,
  `satuan_id` varchar(191) COLLATE utf8mb4_unicode_ci NOT NULL,
  `harga_satuan` int(11) NOT NULL,
  `ppn` double(15,2) NOT NULL,
  `pph` double(15,2) NOT NULL,
  `discon` double(15,2) DEFAULT NULL,
  `description` varchar(191) COLLATE utf8mb4_unicode_ci DEFAULT NULL,
  `created_at` timestamp NULL DEFAULT NULL,
  `updated_at` timestamp NULL DEFAULT NULL,
  `deleted_at` timestamp NULL DEFAULT NULL,
  `created_by` int(11) DEFAULT NULL,
  `updated_by` int(11) DEFAULT NULL,
  `deleted_by` int(11) DEFAULT NULL,
  `inactive_at` timestamp NULL DEFAULT NULL,
  `inactive_by` int(11) DEFAULT NULL
) ENGINE=InnoDB DEFAULT CHARSET=utf8mb4 COLLATE=utf8mb4_unicode_ci;

--
-- Dumping data for table `purchaseorder_details`
--

INSERT INTO `purchaseorder_details` (`id`, `purchaseorder_id`, `item_id`, `brand_id`, `quantity`, `satuan_id`, `harga_satuan`, `ppn`, `pph`, `discon`, `description`, `created_at`, `updated_at`, `deleted_at`, `created_by`, `updated_by`, `deleted_by`, `inactive_at`, `inactive_by`) VALUES
(1, 1, 135, 36, 11, '100', 7000000, 10.00, 0.00, NULL, NULL, '2019-03-01 09:35:06', '2019-03-01 09:35:06', NULL, 1, NULL, NULL, NULL, NULL),
(2, 1, 159, 53, 12, '116', 2000000, 10.00, 15.00, NULL, NULL, '2019-03-01 09:35:06', '2019-03-01 09:35:06', NULL, 1, NULL, NULL, NULL, NULL),
(3, 2, 152, 49, 23, '108', 14000, 10.00, 1.01, NULL, NULL, '2019-03-13 07:48:58', '2019-03-13 07:48:58', NULL, 1, NULL, NULL, NULL, NULL),
(4, 2, 154, 51, 14, '113', 14000, 10.00, 1.00, NULL, NULL, '2019-03-13 07:48:58', '2019-03-13 07:48:58', NULL, 1, NULL, NULL, NULL, NULL),
(5, 3, 135, 39, 10, '100', 5900000, 10.00, 0.00, NULL, NULL, '2019-03-13 08:50:52', '2019-03-13 08:50:52', NULL, 1, NULL, NULL, NULL, NULL);

-- --------------------------------------------------------

--
-- Table structure for table `purchaserequests`
--

CREATE TABLE `purchaserequests` (
  `id` int(10) UNSIGNED NOT NULL,
  `project_for_id` int(11) NOT NULL,
  `budget_tahunan_id` int(11) NOT NULL,
  `pt_id` int(11) NOT NULL,
  `department_id` int(11) NOT NULL,
  `location_id` int(11) NOT NULL,
  `no` varchar(191) COLLATE utf8mb4_unicode_ci NOT NULL,
  `date` date NOT NULL,
  `butuh_date` date NOT NULL,
  `is_urgent` varchar(8) COLLATE utf8mb4_unicode_ci DEFAULT NULL,
  `description` varchar(191) COLLATE utf8mb4_unicode_ci NOT NULL,
  `created_at` timestamp NULL DEFAULT NULL,
  `updated_at` timestamp NULL DEFAULT NULL,
  `deleted_at` timestamp NULL DEFAULT NULL,
  `created_by` int(11) DEFAULT NULL,
  `updated_by` int(11) DEFAULT NULL,
  `deleted_by` int(11) DEFAULT NULL,
  `inactive_at` timestamp NULL DEFAULT NULL,
  `inactive_by` int(11) DEFAULT NULL
) ENGINE=InnoDB DEFAULT CHARSET=utf8mb4 COLLATE=utf8mb4_unicode_ci;

--
-- Dumping data for table `purchaserequests`
--

INSERT INTO `purchaserequests` (`id`, `project_for_id`, `budget_tahunan_id`, `pt_id`, `department_id`, `location_id`, `no`, `date`, `butuh_date`, `is_urgent`, `description`, `created_at`, `updated_at`, `deleted_at`, `created_by`, `updated_by`, `deleted_by`, `inactive_at`, `inactive_by`) VALUES
(122, 105, 525, 2, 2, 1, '0001//PR/CD/II/2019/CTGL/3200', '2019-02-28', '2019-02-28', '1', 'urgent', '2019-02-28 06:01:20', '2019-02-28 06:01:20', NULL, 1, NULL, NULL, NULL, NULL),
(123, 105, 525, 2, 2, 1, '0001//PR/CD/III/2019/CTGL/3200', '2019-03-01', '2019-04-03', '0', 'untuk kantor', '2019-03-01 07:32:59', '2019-03-01 07:32:59', NULL, 1, NULL, NULL, NULL, NULL),
(124, 105, 525, 2, 2, 1, '0002//PR/CD/III/2019/CTGL/3200', '2019-03-05', '2019-03-27', '0', 'PR 3', '2019-03-05 10:34:54', '2019-03-05 10:34:54', NULL, 1, NULL, NULL, NULL, NULL),
(125, 105, 525, 2, 2, 1, '0003//PR/CD/III/2019/CTGL/3200', '2019-03-13', '2019-02-28', '1', 'untuk kerja.', '2019-03-13 08:09:42', '2019-03-13 08:09:42', NULL, 1, NULL, NULL, NULL, NULL);

-- --------------------------------------------------------

--
-- Table structure for table `purchaserequest_details`
--

CREATE TABLE `purchaserequest_details` (
  `id` int(10) UNSIGNED NOT NULL,
  `purchaserequest_id` int(11) NOT NULL,
  `itempekerjaan_id` int(11) NOT NULL,
  `item_id` int(11) NOT NULL,
  `item_satuan_id` int(11) NOT NULL,
  `brand_id` int(11) NOT NULL,
  `recomended_supplier` varchar(191) COLLATE utf8mb4_unicode_ci NOT NULL,
  `quantity` int(11) NOT NULL,
  `description` varchar(191) COLLATE utf8mb4_unicode_ci NOT NULL,
  `rec_1` int(11) DEFAULT NULL,
  `rec_2` int(11) DEFAULT NULL,
  `rec_3` int(11) DEFAULT NULL,
  `delivery_date` date NOT NULL,
  `created_at` timestamp NULL DEFAULT NULL,
  `updated_at` timestamp NULL DEFAULT NULL,
  `deleted_at` timestamp NULL DEFAULT NULL,
  `created_by` int(11) DEFAULT NULL,
  `updated_by` int(11) DEFAULT NULL,
  `deleted_by` int(11) DEFAULT NULL,
  `inactive_at` timestamp NULL DEFAULT NULL,
  `inactive_by` int(11) DEFAULT NULL
) ENGINE=InnoDB DEFAULT CHARSET=utf8mb4 COLLATE=utf8mb4_unicode_ci;

--
-- Dumping data for table `purchaserequest_details`
--

INSERT INTO `purchaserequest_details` (`id`, `purchaserequest_id`, `itempekerjaan_id`, `item_id`, `item_satuan_id`, `brand_id`, `recomended_supplier`, `quantity`, `description`, `rec_1`, `rec_2`, `rec_3`, `delivery_date`, `created_at`, `updated_at`, `deleted_at`, `created_by`, `updated_by`, `deleted_by`, `inactive_at`, `inactive_by`) VALUES
(225, 122, 6, 135, 100, 36, '3', 11, 'ram 32GB', 3, 8, 5, '2019-02-28', '2019-02-28 06:01:21', '2019-02-28 06:01:21', NULL, 1, NULL, NULL, NULL, NULL),
(226, 122, 9, 136, 96, 35, '2', 12, 'baik', 4, 12, NULL, '2019-02-28', '2019-02-28 06:01:21', '2019-02-28 06:01:21', NULL, 1, NULL, NULL, NULL, NULL),
(227, 122, 11, 159, 116, 53, '3', 12, 'baik', 4, 2, 13, '2019-02-28', '2019-02-28 06:01:21', '2019-02-28 06:01:21', NULL, 1, NULL, NULL, NULL, NULL),
(228, 123, 6, 154, 113, 51, '2', 14, 'harus baik', 4, 2, NULL, '2019-04-03', '2019-03-01 07:32:59', '2019-03-01 07:32:59', NULL, 1, NULL, NULL, NULL, NULL),
(229, 123, 6, 152, 108, 49, '1', 23, 'harus baik', 24, NULL, NULL, '2019-04-03', '2019-03-01 07:32:59', '2019-03-01 07:32:59', NULL, 1, NULL, NULL, NULL, NULL),
(230, 123, 11, 157, 117, 36, '3', 22, 'Ram 60GB', 3, 5, 11, '2019-04-03', '2019-03-01 07:32:59', '2019-03-01 07:32:59', NULL, 1, NULL, NULL, NULL, NULL),
(231, 124, 4, 158, 118, 0, '3', 17, 'harus baik', 4, 15, 18, '2019-03-27', '2019-03-05 10:34:54', '2019-03-05 10:34:54', NULL, 1, NULL, NULL, NULL, NULL),
(232, 125, 9, 135, 100, 39, '2', 10, 'harus bagus.', 3, 4, NULL, '2019-03-28', '2019-03-13 08:09:42', '2019-03-13 08:09:42', NULL, 1, NULL, NULL, NULL, NULL);

-- --------------------------------------------------------

--
-- Table structure for table `tender_menang_pr`
--

CREATE TABLE `tender_menang_pr` (
  `id` int(11) UNSIGNED NOT NULL,
  `project_for_id` int(11) DEFAULT NULL,
  `no` varchar(191) COLLATE utf8mb4_unicode_ci DEFAULT NULL,
  `rekanan_id` int(11) DEFAULT NULL,
  `tender_purchase_group_rekanan_id` int(11) DEFAULT NULL,
  `id_penawaran` int(11) DEFAULT NULL,
  `status_usulan` tinyint(1) DEFAULT NULL,
  `status_pemenang` tinyint(1) DEFAULT NULL,
  `description` varchar(191) COLLATE utf8mb4_unicode_ci DEFAULT NULL,
  `created_at` timestamp NULL DEFAULT NULL,
  `updated_at` timestamp NULL DEFAULT NULL,
  `deleted_at` timestamp NULL DEFAULT NULL,
  `created_by` int(11) DEFAULT NULL,
  `updated_by` int(11) DEFAULT NULL,
  `deleted_by` int(11) DEFAULT NULL,
  `inactive_at` timestamp NULL DEFAULT NULL,
  `inactive_by` int(11) DEFAULT NULL
) ENGINE=InnoDB DEFAULT CHARSET=utf8mb4 COLLATE=utf8mb4_unicode_ci;

--
-- Dumping data for table `tender_menang_pr`
--

INSERT INTO `tender_menang_pr` (`id`, `project_for_id`, `no`, `rekanan_id`, `tender_purchase_group_rekanan_id`, `id_penawaran`, `status_usulan`, `status_pemenang`, `description`, `created_at`, `updated_at`, `deleted_at`, `created_by`, `updated_by`, `deleted_by`, `inactive_at`, `inactive_by`) VALUES
(7, 105, 'TENDER MENANG', 18, 6, 9, 1, 0, 'Usulan Pemenang', '2019-02-28 10:41:51', '2019-02-28 10:41:51', NULL, NULL, NULL, NULL, NULL, NULL),
(20, 105, 'TENDER MENANG', 22, 7, 37, 1, 0, 'Usulan Pemenang', '2019-03-13 07:48:01', '2019-03-13 07:48:01', NULL, NULL, NULL, NULL, NULL, NULL),
(21, 105, 'TENDER MENANG', 26, 8, 46, 1, 0, 'Usulan Pemenang', '2019-03-13 08:49:56', '2019-03-13 08:49:56', NULL, NULL, NULL, NULL, NULL, NULL);

-- --------------------------------------------------------

--
-- Table structure for table `tender_purchase_group_rekanans`
--

CREATE TABLE `tender_purchase_group_rekanans` (
  `id` int(10) UNSIGNED NOT NULL,
  `tender_pr_groups_id` int(11) NOT NULL,
  `created_at` timestamp NULL DEFAULT NULL,
  `updated_at` timestamp NULL DEFAULT NULL,
  `deleted_at` timestamp NULL DEFAULT NULL,
  `created_by` int(11) DEFAULT NULL,
  `updated_by` int(11) DEFAULT NULL,
  `deleted_by` int(11) DEFAULT NULL,
  `inactive_at` timestamp NULL DEFAULT NULL,
  `inactive_by` int(11) DEFAULT NULL
) ENGINE=InnoDB DEFAULT CHARSET=utf8mb4 COLLATE=utf8mb4_unicode_ci;

-- --------------------------------------------------------

--
-- Table structure for table `tender_purchase_requests`
--

CREATE TABLE `tender_purchase_requests` (
  `id` int(10) UNSIGNED NOT NULL,
  `tender_pr_groups_id` int(11) NOT NULL,
  `rab_id` int(11) DEFAULT NULL,
  `kelas_id` int(11) DEFAULT NULL,
  `status` tinyint(4) DEFAULT '0',
  `no` varchar(191) COLLATE utf8mb4_unicode_ci DEFAULT NULL,
  `name` varchar(191) COLLATE utf8mb4_unicode_ci DEFAULT NULL,
  `aanwijzing_type` varchar(11) COLLATE utf8mb4_unicode_ci DEFAULT NULL,
  `aanwijzing_date` date DEFAULT NULL,
  `penawaran1_date` date DEFAULT NULL,
  `klarifikasi1_date` date DEFAULT NULL,
  `penawaran2_date` date DEFAULT NULL,
  `klarifikasi2_date` date DEFAULT NULL,
  `penawaran3_date` date DEFAULT NULL,
  `final_date` date DEFAULT NULL,
  `recommendation_date` date DEFAULT NULL,
  `pengumuman_date` date DEFAULT NULL,
  `sumber` varchar(191) COLLATE utf8mb4_unicode_ci DEFAULT NULL,
  `description` varchar(191) COLLATE utf8mb4_unicode_ci DEFAULT NULL,
  `kirim_penawaran` date DEFAULT NULL,
  `penawaran_group` int(11) DEFAULT NULL,
  `penawaran_date` date DEFAULT NULL,
  `penawaran_no` varchar(191) COLLATE utf8mb4_unicode_ci DEFAULT NULL,
  `created_at` timestamp NULL DEFAULT NULL,
  `updated_at` timestamp NULL DEFAULT NULL,
  `deleted_at` timestamp NULL DEFAULT NULL,
  `created_by` int(11) DEFAULT NULL,
  `updated_by` int(11) DEFAULT NULL,
  `deleted_by` int(11) DEFAULT NULL,
  `inactive_at` timestamp NULL DEFAULT NULL,
  `inactive_by` int(11) DEFAULT NULL
) ENGINE=InnoDB DEFAULT CHARSET=utf8mb4 COLLATE=utf8mb4_unicode_ci;

-- --------------------------------------------------------

--
-- Table structure for table `tender_purchase_request_groups`
--

CREATE TABLE `tender_purchase_request_groups` (
  `id` int(11) NOT NULL,
  `project_for_id` int(11) NOT NULL,
  `no` varchar(191) NOT NULL,
  `id_po_lampiran` int(11) DEFAULT NULL,
  `description` longtext NOT NULL,
  `created_at` timestamp NULL DEFAULT NULL,
  `updated_at` timestamp NULL DEFAULT NULL,
  `deleted_at` timestamp NULL DEFAULT NULL,
  `created_by` int(11) DEFAULT NULL,
  `updated_by` int(11) DEFAULT NULL,
  `deleted_by` int(11) DEFAULT NULL,
  `inactive_at` timestamp NULL DEFAULT NULL,
  `inactive_by` int(11) DEFAULT NULL
) ENGINE=InnoDB DEFAULT CHARSET=latin1;

--
-- Dumping data for table `tender_purchase_request_groups`
--

INSERT INTO `tender_purchase_request_groups` (`id`, `project_for_id`, `no`, `id_po_lampiran`, `description`, `created_at`, `updated_at`, `deleted_at`, `created_by`, `updated_by`, `deleted_by`, `inactive_at`, `inactive_by`) VALUES
(5, 105, '0001//TPRG/CD/II/2019/CTGL/3200', NULL, 'pengelopkan 1', '2019-02-28 06:40:09', '2019-02-28 06:40:09', NULL, 1, NULL, NULL, NULL, NULL),
(9, 105, '0001//TPRG/CD/III/2019/CTGL/3200', NULL, 'pengelompokan 2', '2019-03-01 07:41:42', '2019-03-01 07:41:42', NULL, 1, NULL, NULL, NULL, NULL),
(10, 105, '0002//TPRG/CD/III/2019/CTGL/3200', NULL, 'pengelompokan 3', '2019-03-13 08:13:06', '2019-03-13 08:13:06', NULL, 1, NULL, NULL, NULL, NULL),
(11, 105, '0003//TPRG/CD/III/2019/CTGL/3200', NULL, 'pengelompokan 3', '2019-03-13 08:13:10', '2019-03-13 08:13:10', NULL, 1, NULL, NULL, NULL, NULL);

-- --------------------------------------------------------

--
-- Table structure for table `tender_purchase_request_group_details`
--

CREATE TABLE `tender_purchase_request_group_details` (
  `id` int(11) NOT NULL,
  `tender_purchase_request_groups_id` int(11) NOT NULL,
  `id_purchase_request_detail` int(11) NOT NULL,
  `created_at` timestamp NULL DEFAULT NULL,
  `updated_at` timestamp NULL DEFAULT NULL,
  `deleted_at` timestamp NULL DEFAULT NULL,
  `created_by` int(11) DEFAULT NULL,
  `updated_by` int(11) DEFAULT NULL,
  `deleted_by` int(11) DEFAULT NULL,
  `inactive_at` timestamp NULL DEFAULT NULL,
  `inactive_by` int(11) DEFAULT NULL
) ENGINE=InnoDB DEFAULT CHARSET=latin1;

--
-- Dumping data for table `tender_purchase_request_group_details`
--

INSERT INTO `tender_purchase_request_group_details` (`id`, `tender_purchase_request_groups_id`, `id_purchase_request_detail`, `created_at`, `updated_at`, `deleted_at`, `created_by`, `updated_by`, `deleted_by`, `inactive_at`, `inactive_by`) VALUES
(10, 5, 227, '2019-02-28 06:40:09', '2019-02-28 06:40:09', NULL, 1, NULL, NULL, NULL, NULL),
(11, 5, 225, '2019-02-28 06:40:09', '2019-02-28 06:40:09', NULL, 1, NULL, NULL, NULL, NULL),
(18, 9, 229, '2019-03-01 07:41:42', '2019-03-01 07:41:42', NULL, 1, NULL, NULL, NULL, NULL),
(19, 9, 228, '2019-03-01 07:41:42', '2019-03-01 07:41:42', NULL, 1, NULL, NULL, NULL, NULL),
(20, 10, 232, '2019-03-13 08:13:06', '2019-03-13 08:13:06', NULL, 1, NULL, NULL, NULL, NULL),
(21, 11, 232, '2019-03-13 08:13:10', '2019-03-13 08:13:10', NULL, 1, NULL, NULL, NULL, NULL);

-- --------------------------------------------------------

--
-- Table structure for table `tender_purchase_request_group_rekanans`
--

CREATE TABLE `tender_purchase_request_group_rekanans` (
  `id` int(11) NOT NULL,
  `project_for_id` int(11) NOT NULL,
  `tender_purchase_request_group_id` int(11) NOT NULL,
  `no` varchar(190) COLLATE utf8_unicode_ci NOT NULL,
  `status_pemenang` int(11) DEFAULT NULL,
  `aanwijzing_date` datetime DEFAULT NULL,
  `penawaran1_date` datetime DEFAULT NULL,
  `klarifikasi1_date` datetime DEFAULT NULL,
  `penawaran2_date` datetime DEFAULT NULL,
  `klarifikasi2_date` datetime DEFAULT NULL,
  `penawaran3_date` datetime DEFAULT NULL,
  `negosiasi_date` datetime DEFAULT NULL,
  `created_at` timestamp NULL DEFAULT NULL ON UPDATE CURRENT_TIMESTAMP,
  `updated_at` timestamp NULL DEFAULT NULL ON UPDATE CURRENT_TIMESTAMP,
  `deleted_at` timestamp NULL DEFAULT NULL ON UPDATE CURRENT_TIMESTAMP,
  `created_by` int(11) DEFAULT NULL,
  `updated_by` int(11) DEFAULT NULL,
  `deleted_by` int(11) DEFAULT NULL,
  `inactive_at` timestamp NULL DEFAULT NULL ON UPDATE CURRENT_TIMESTAMP,
  `inactive_by` int(11) DEFAULT NULL
) ENGINE=InnoDB DEFAULT CHARSET=utf8 COLLATE=utf8_unicode_ci;

--
-- Dumping data for table `tender_purchase_request_group_rekanans`
--

INSERT INTO `tender_purchase_request_group_rekanans` (`id`, `project_for_id`, `tender_purchase_request_group_id`, `no`, `status_pemenang`, `aanwijzing_date`, `penawaran1_date`, `klarifikasi1_date`, `penawaran2_date`, `klarifikasi2_date`, `penawaran3_date`, `negosiasi_date`, `created_at`, `updated_at`, `deleted_at`, `created_by`, `updated_by`, `deleted_by`, `inactive_at`, `inactive_by`) VALUES
(6, 105, 5, '0001//TGR/CD/II/2019/CTGL/3200', 0, '2019-02-28 00:00:00', '2019-02-28 00:00:00', '2019-02-28 00:00:00', '2019-02-28 00:00:00', '2019-02-28 00:00:00', '2019-03-01 00:00:00', '2019-02-28 00:00:00', '2019-03-05 04:13:04', '2019-03-05 04:13:04', NULL, 1, NULL, NULL, '2019-03-05 04:13:04', NULL),
(7, 105, 9, '0001//TGR/CD/III/2019/CTGL/3200', 0, '2019-03-06 00:00:00', '2019-03-05 00:00:00', '2019-03-07 00:00:00', '2019-03-11 00:00:00', '2019-03-13 00:00:00', '2019-03-11 00:00:00', '2019-03-13 00:00:00', '2019-03-12 04:06:09', '2019-03-12 04:06:09', NULL, 1, NULL, NULL, '2019-03-12 04:06:09', NULL),
(8, 105, 10, '0002//TGR/CD/III/2019/CTGL/3200', 0, '2019-03-13 00:00:00', '2019-03-12 00:00:00', '2019-03-14 00:00:00', '2019-03-12 00:00:00', '2019-03-14 00:00:00', '2019-03-12 15:16:47', '2019-03-14 00:00:00', '2019-03-13 08:19:49', '2019-03-13 08:19:49', NULL, 1, NULL, NULL, '2019-03-13 08:19:49', NULL);

-- --------------------------------------------------------

--
-- Table structure for table `tender_purchase_request_group_rekanan_details`
--

CREATE TABLE `tender_purchase_request_group_rekanan_details` (
  `id` int(10) UNSIGNED NOT NULL,
  `tender_purchase_request_group_rekanan_id` int(11) NOT NULL,
  `rekanan_id` int(11) NOT NULL,
  `created_at` timestamp NULL DEFAULT NULL,
  `updated_at` timestamp NULL DEFAULT NULL,
  `deleted_at` timestamp NULL DEFAULT NULL,
  `created_by` int(11) DEFAULT NULL,
  `updated_by` int(11) DEFAULT NULL,
  `deleted_by` int(11) DEFAULT NULL,
  `inactive_at` timestamp NULL DEFAULT NULL,
  `inactive_by` int(11) DEFAULT NULL
) ENGINE=InnoDB DEFAULT CHARSET=utf8mb4 COLLATE=utf8mb4_unicode_ci;

--
-- Dumping data for table `tender_purchase_request_group_rekanan_details`
--

INSERT INTO `tender_purchase_request_group_rekanan_details` (`id`, `tender_purchase_request_group_rekanan_id`, `rekanan_id`, `created_at`, `updated_at`, `deleted_at`, `created_by`, `updated_by`, `deleted_by`, `inactive_at`, `inactive_by`) VALUES
(18, 6, 3, '2019-02-28 10:11:18', '2019-02-28 10:11:18', NULL, 1, NULL, NULL, NULL, NULL),
(19, 6, 4, '2019-02-28 10:11:18', '2019-02-28 10:11:18', NULL, 1, NULL, NULL, NULL, NULL),
(20, 6, 2, '2019-02-28 10:11:18', '2019-02-28 10:11:18', NULL, 1, NULL, NULL, NULL, NULL),
(21, 6, 13, '2019-02-28 10:11:18', '2019-02-28 10:11:18', NULL, 1, NULL, NULL, NULL, NULL),
(22, 7, 4, '2019-03-01 07:43:39', '2019-03-01 07:43:39', NULL, 1, NULL, NULL, NULL, NULL),
(23, 7, 2, '2019-03-01 07:43:39', '2019-03-01 07:43:39', NULL, 1, NULL, NULL, NULL, NULL),
(24, 7, 24, '2019-03-01 07:43:39', '2019-03-01 07:44:02', '2019-03-01 07:44:02', 1, NULL, NULL, NULL, NULL),
(25, 7, 5, '2019-03-01 07:43:58', '2019-03-01 07:43:58', NULL, 1, NULL, NULL, NULL, NULL),
(26, 8, 4, '2019-03-13 08:14:21', '2019-03-13 08:14:21', NULL, 1, NULL, NULL, NULL, NULL),
(27, 8, 3, '2019-03-13 08:14:21', '2019-03-13 08:14:21', NULL, 1, NULL, NULL, NULL, NULL);

-- --------------------------------------------------------

--
-- Table structure for table `tender_purchase_request_penawarans`
--

CREATE TABLE `tender_purchase_request_penawarans` (
  `id` int(10) UNSIGNED NOT NULL,
  `project_for_id` int(11) DEFAULT NULL,
  `no` varchar(50) COLLATE utf8mb4_unicode_ci DEFAULT NULL,
  `rekanan_id` int(11) DEFAULT NULL,
  `id_tender_purchase_request_group_rekanan` int(50) DEFAULT NULL,
  `date` date DEFAULT NULL,
  `id_metode_pembayaran` int(11) DEFAULT NULL,
  `DP` float(11,2) DEFAULT NULL,
  `lama_cicilan` int(11) DEFAULT NULL,
  `name_file` varchar(100) COLLATE utf8mb4_unicode_ci DEFAULT NULL,
  `file_attachment` varchar(191) COLLATE utf8mb4_unicode_ci DEFAULT NULL,
  `created_at` timestamp NULL DEFAULT NULL,
  `updated_at` timestamp NULL DEFAULT NULL,
  `deleted_at` timestamp NULL DEFAULT NULL,
  `created_by` int(11) DEFAULT NULL,
  `updated_by` int(11) DEFAULT NULL,
  `deleted_by` int(11) DEFAULT NULL,
  `inactive_at` timestamp NULL DEFAULT NULL,
  `inactive_by` int(11) DEFAULT NULL,
  `penawaran` int(11) DEFAULT NULL
) ENGINE=InnoDB DEFAULT CHARSET=utf8mb4 COLLATE=utf8mb4_unicode_ci;

--
-- Dumping data for table `tender_purchase_request_penawarans`
--

INSERT INTO `tender_purchase_request_penawarans` (`id`, `project_for_id`, `no`, `rekanan_id`, `id_tender_purchase_request_group_rekanan`, `date`, `id_metode_pembayaran`, `DP`, `lama_cicilan`, `name_file`, `file_attachment`, `created_at`, `updated_at`, `deleted_at`, `created_by`, `updated_by`, `deleted_by`, `inactive_at`, `inactive_by`, `penawaran`) VALUES
(9, 105, '0001//TDR/CD/II/2019/CTGL/3200', 18, 6, '2019-02-28', 2, 30.00, 2, NULL, NULL, '2019-02-28 10:19:41', '2019-02-28 10:19:41', NULL, 1, NULL, NULL, NULL, NULL, 1),
(10, 105, '0002//TDR/CD/II/2019/CTGL/3200', 19, 6, '2019-02-28', 1, 30.00, 2, NULL, NULL, '2019-02-28 10:20:49', '2019-02-28 10:20:49', NULL, 1, NULL, NULL, NULL, NULL, 1),
(26, 105, '0001//TDR/CD/III/2019/CTGL/3200', 22, 7, '2019-03-05', 2, 10.00, 2, NULL, NULL, '2019-03-05 04:19:36', '2019-03-05 04:19:36', NULL, 1, NULL, NULL, NULL, NULL, 1),
(27, 105, '0002//TDR/CD/III/2019/CTGL/3200', 23, 7, '2019-03-05', 2, 30.00, 2, NULL, NULL, '2019-03-05 04:23:45', '2019-03-05 04:23:45', NULL, 1, NULL, NULL, NULL, NULL, 1),
(31, 105, '0003//TDR/CD/III/2019/CTGL/3200', 25, 7, '2019-03-05', 1, 40.00, 3, NULL, NULL, '2019-03-05 07:11:20', '2019-03-05 07:11:20', NULL, 1, NULL, NULL, NULL, NULL, 1),
(34, 105, '0004//TDR/CD/III/2019/CTGL/3200', 22, 7, '2019-03-06', 2, 40.00, 3, NULL, NULL, '2019-03-06 05:08:47', '2019-03-06 05:08:47', NULL, 1, NULL, NULL, NULL, NULL, 2),
(35, 105, '0005//TDR/CD/III/2019/CTGL/3200', 23, 7, '2019-03-06', 2, 40.00, 3, NULL, NULL, '2019-03-06 05:09:35', '2019-03-06 05:09:35', NULL, 1, NULL, NULL, NULL, NULL, 2),
(36, 105, '0006//TDR/CD/III/2019/CTGL/3200', 25, 7, '2019-03-12', 2, 40.00, 3, NULL, NULL, '2019-03-12 04:06:37', '2019-03-12 04:06:37', NULL, 1, NULL, NULL, NULL, NULL, 2),
(37, 105, '0007//TDR/CD/III/2019/CTGL/3200', 22, 7, '2019-03-12', 2, 40.00, 3, NULL, NULL, '2019-03-12 07:31:09', '2019-03-12 07:31:09', NULL, 1, NULL, NULL, NULL, NULL, 3),
(38, 105, '0008//TDR/CD/III/2019/CTGL/3200', 23, 7, '2019-03-12', 2, 40.00, 3, NULL, NULL, '2019-03-12 07:31:42', '2019-03-12 07:31:42', NULL, 1, NULL, NULL, NULL, NULL, 3),
(39, 105, '0009//TDR/CD/III/2019/CTGL/3200', 25, 7, '2019-03-12', 2, 40.00, 3, NULL, NULL, '2019-03-12 07:32:13', '2019-03-12 07:32:13', NULL, 1, NULL, NULL, NULL, NULL, 3),
(41, 105, '0010//TDR/CD/III/2019/CTGL/3200', 26, 8, '2019-03-13', 1, 50.00, 1, NULL, NULL, '2019-03-13 08:20:15', '2019-03-13 08:20:15', NULL, 1, NULL, NULL, NULL, NULL, 1),
(42, 105, '0011//TDR/CD/III/2019/CTGL/3200', 27, 8, '2019-03-13', 2, 20.00, 1, NULL, NULL, '2019-03-13 08:20:47', '2019-03-13 08:20:47', NULL, 1, NULL, NULL, NULL, NULL, 1),
(46, 105, '0012//TDR/CD/III/2019/CTGL/3200', 26, 8, '2019-03-13', 1, 50.00, 2, NULL, NULL, '2019-03-13 08:49:08', '2019-03-13 08:49:08', NULL, 1, NULL, NULL, NULL, NULL, 2),
(47, 105, '0013//TDR/CD/III/2019/CTGL/3200', 27, 8, '2019-03-13', 1, 50.00, 2, NULL, NULL, '2019-03-13 08:49:39', '2019-03-13 08:49:39', NULL, 1, NULL, NULL, NULL, NULL, 2);

-- --------------------------------------------------------

--
-- Table structure for table `tender_purchase_request_penawarans_details`
--

CREATE TABLE `tender_purchase_request_penawarans_details` (
  `id` int(10) UNSIGNED NOT NULL,
  `tender_rekanan_id` int(11) DEFAULT NULL,
  `tender_penawaran_id` int(11) DEFAULT NULL,
  `keterangan` varchar(191) COLLATE utf8mb4_unicode_ci DEFAULT NULL,
  `nilai` float(11,2) DEFAULT NULL,
  `ppn` double(11,2) DEFAULT NULL,
  `volume` float(11,2) DEFAULT NULL,
  `disc` double(11,2) DEFAULT NULL,
  `brand_id` int(11) DEFAULT NULL,
  `item_id` int(11) DEFAULT NULL,
  `item_satuan_id` int(11) DEFAULT NULL,
  `description` longtext COLLATE utf8mb4_unicode_ci,
  `created_at` timestamp NULL DEFAULT NULL,
  `updated_at` timestamp NULL DEFAULT NULL,
  `deleted_at` timestamp NULL DEFAULT NULL,
  `created_by` int(11) DEFAULT NULL,
  `updated_by` int(11) DEFAULT NULL,
  `deleted_by` int(11) DEFAULT NULL,
  `inactive_at` timestamp NULL DEFAULT NULL,
  `inactive_by` int(11) DEFAULT NULL
) ENGINE=InnoDB DEFAULT CHARSET=utf8mb4 COLLATE=utf8mb4_unicode_ci;

--
-- Dumping data for table `tender_purchase_request_penawarans_details`
--

INSERT INTO `tender_purchase_request_penawarans_details` (`id`, `tender_rekanan_id`, `tender_penawaran_id`, `keterangan`, `nilai`, `ppn`, `volume`, `disc`, `brand_id`, `item_id`, `item_satuan_id`, `description`, `created_at`, `updated_at`, `deleted_at`, `created_by`, `updated_by`, `deleted_by`, `inactive_at`, `inactive_by`) VALUES
(9, NULL, 9, NULL, 7000000.00, 10.00, 11.00, NULL, 36, 47, 100, 'ram 32GB', '2019-02-28 10:19:41', '2019-02-28 10:19:41', NULL, 1, NULL, NULL, NULL, NULL),
(10, NULL, 9, NULL, 2000000.00, 10.00, 12.00, NULL, 53, 69, 116, 'baik', '2019-02-28 10:19:41', '2019-02-28 10:19:41', NULL, 1, NULL, NULL, NULL, NULL),
(11, NULL, 10, NULL, 6900000.00, 10.00, 11.00, NULL, 36, 47, 100, 'ram 32GB', '2019-02-28 10:20:49', '2019-02-28 10:20:49', NULL, 1, NULL, NULL, NULL, NULL),
(12, NULL, 10, NULL, 2100000.00, 10.00, 12.00, NULL, 53, 69, 116, 'baik', '2019-02-28 10:20:49', '2019-02-28 10:20:49', NULL, 1, NULL, NULL, NULL, NULL),
(43, NULL, 26, NULL, 15000.00, 10.00, 23.00, NULL, 49, 65, 108, '', '2019-03-05 04:19:36', '2019-03-05 04:19:36', NULL, 1, NULL, NULL, NULL, NULL),
(44, NULL, 26, NULL, 15000.00, 10.00, 14.00, NULL, 51, 68, 113, '', '2019-03-05 04:19:36', '2019-03-05 04:19:36', NULL, 1, NULL, NULL, NULL, NULL),
(45, NULL, 27, NULL, 14500.00, 10.00, 23.00, NULL, 49, 65, 108, '', '2019-03-05 04:23:45', '2019-03-05 04:23:45', NULL, 1, NULL, NULL, NULL, NULL),
(46, NULL, 27, NULL, 16000.00, 10.00, 14.00, NULL, 51, 68, 113, '', '2019-03-05 04:23:45', '2019-03-05 04:23:45', NULL, 1, NULL, NULL, NULL, NULL),
(53, NULL, 31, NULL, 14500.00, 10.00, 23.00, NULL, 49, 65, 108, '', '2019-03-05 07:11:20', '2019-03-05 07:11:20', NULL, 1, NULL, NULL, NULL, NULL),
(54, NULL, 31, NULL, 15500.00, 10.00, 14.00, NULL, 51, 68, 113, '', '2019-03-05 07:11:20', '2019-03-05 07:11:20', NULL, 1, NULL, NULL, NULL, NULL),
(57, NULL, 34, NULL, 15000.00, 10.00, 23.00, NULL, 49, 65, 108, '', '2019-03-06 05:08:48', '2019-03-06 05:08:48', NULL, 1, NULL, NULL, NULL, NULL),
(58, NULL, 34, NULL, 15000.00, 10.00, 14.00, NULL, 51, 68, 113, '', '2019-03-06 05:08:48', '2019-03-06 05:08:48', NULL, 1, NULL, NULL, NULL, NULL),
(59, NULL, 35, NULL, 15500.00, 10.00, 23.00, NULL, 49, 65, 108, '', '2019-03-06 05:09:35', '2019-03-06 05:09:35', NULL, 1, NULL, NULL, NULL, NULL),
(60, NULL, 35, NULL, 14000.00, 10.00, 14.00, NULL, 51, 68, 113, '', '2019-03-06 05:09:35', '2019-03-06 05:09:35', NULL, 1, NULL, NULL, NULL, NULL),
(61, NULL, 36, NULL, 15000.00, 10.00, 23.00, NULL, 49, 65, 108, '', '2019-03-12 04:06:37', '2019-03-12 04:06:37', NULL, 1, NULL, NULL, NULL, NULL),
(62, NULL, 36, NULL, 15000.00, 10.00, 14.00, NULL, 51, 68, 113, '', '2019-03-12 04:06:37', '2019-03-12 04:06:37', NULL, 1, NULL, NULL, NULL, NULL),
(63, NULL, 37, NULL, 14000.00, 10.00, 23.00, NULL, 49, 65, 108, '', '2019-03-12 07:31:09', '2019-03-12 07:31:09', NULL, 1, NULL, NULL, NULL, NULL),
(64, NULL, 37, NULL, 14000.00, 10.00, 14.00, NULL, 51, 68, 113, '', '2019-03-12 07:31:09', '2019-03-12 07:31:09', NULL, 1, NULL, NULL, NULL, NULL),
(65, NULL, 38, NULL, 14500.00, 10.00, 23.00, NULL, 49, 65, 108, '', '2019-03-12 07:31:42', '2019-03-12 07:31:42', NULL, 1, NULL, NULL, NULL, NULL),
(66, NULL, 38, NULL, 14000.00, 10.00, 14.00, NULL, 51, 68, 113, '', '2019-03-12 07:31:42', '2019-03-12 07:31:42', NULL, 1, NULL, NULL, NULL, NULL),
(67, NULL, 39, NULL, 14000.00, 10.00, 23.00, NULL, 49, 65, 108, '', '2019-03-12 07:32:14', '2019-03-12 07:32:14', NULL, 1, NULL, NULL, NULL, NULL),
(68, NULL, 39, NULL, 14500.00, 10.00, 14.00, NULL, 51, 68, 113, '', '2019-03-12 07:32:14', '2019-03-12 07:32:14', NULL, 1, NULL, NULL, NULL, NULL),
(71, NULL, 41, NULL, 6000000.00, 10.00, 10.00, NULL, 39, 47, 100, '', '2019-03-13 08:20:15', '2019-03-13 08:20:15', NULL, 1, NULL, NULL, NULL, NULL),
(72, NULL, 42, NULL, 6000000.00, 10.00, 10.00, NULL, 39, 47, 100, '', '2019-03-13 08:20:47', '2019-03-13 08:20:47', NULL, 1, NULL, NULL, NULL, NULL),
(76, NULL, 46, NULL, 5900000.00, 10.00, 10.00, NULL, 39, 47, 100, '', '2019-03-13 08:49:08', '2019-03-13 08:49:08', NULL, 1, NULL, NULL, NULL, NULL),
(77, NULL, 47, NULL, 5950000.00, 10.00, 10.00, NULL, 39, 47, 100, '', '2019-03-13 08:49:39', '2019-03-13 08:49:39', NULL, 1, NULL, NULL, NULL, NULL);

-- --------------------------------------------------------

--
-- Table structure for table `tender_purchase_request_penawaran_pembayarans`
--

CREATE TABLE `tender_purchase_request_penawaran_pembayarans` (
  `id` int(11) NOT NULL,
  `project_for_id` int(11) DEFAULT NULL,
  `tender_purchase_request_group_rekanan_id` int(11) DEFAULT NULL,
  `id_metode_pembayaran` int(11) DEFAULT NULL,
  `proses_ke` int(11) DEFAULT NULL,
  `besar` int(11) DEFAULT NULL,
  `item_id` int(11) DEFAULT NULL,
  `created_at` timestamp NULL DEFAULT NULL,
  `updated_at` timestamp NULL DEFAULT NULL,
  `deleted_at` timestamp NULL DEFAULT NULL,
  `created_by` int(11) DEFAULT NULL,
  `updated_by` int(11) DEFAULT NULL,
  `deleted_by` int(11) DEFAULT NULL,
  `inactive_at` timestamp NULL DEFAULT NULL,
  `inactive_by` int(11) DEFAULT NULL,
  `description` varchar(999) COLLATE utf8_unicode_ci DEFAULT NULL,
  `date` timestamp NULL DEFAULT NULL,
  `DP` int(11) DEFAULT NULL,
  `item_satuan_id` int(11) DEFAULT NULL,
  `brand_id` int(11) DEFAULT NULL
) ENGINE=InnoDB DEFAULT CHARSET=utf8 COLLATE=utf8_unicode_ci;

--
-- Dumping data for table `tender_purchase_request_penawaran_pembayarans`
--

INSERT INTO `tender_purchase_request_penawaran_pembayarans` (`id`, `project_for_id`, `tender_purchase_request_group_rekanan_id`, `id_metode_pembayaran`, `proses_ke`, `besar`, `item_id`, `created_at`, `updated_at`, `deleted_at`, `created_by`, `updated_by`, `deleted_by`, `inactive_at`, `inactive_by`, `description`, `date`, `DP`, `item_satuan_id`, `brand_id`) VALUES
(17, 105, 7, 2, 1, 20, NULL, NULL, NULL, NULL, NULL, NULL, NULL, NULL, NULL, NULL, '2019-03-05 17:00:00', 40, NULL, NULL),
(18, 105, 7, 2, 2, 20, NULL, NULL, NULL, NULL, NULL, NULL, NULL, NULL, NULL, NULL, '2019-03-05 17:00:00', 40, NULL, NULL),
(19, 105, 7, 2, 3, 20, NULL, NULL, NULL, NULL, NULL, NULL, NULL, NULL, NULL, NULL, '2019-03-05 17:00:00', 40, NULL, NULL),
(20, 105, 8, 1, 1, 5, 47, NULL, NULL, NULL, NULL, NULL, NULL, NULL, NULL, NULL, '2019-03-12 17:00:00', 50, 100, 39),
(21, 105, 8, 1, 2, 5, 47, NULL, NULL, NULL, NULL, NULL, NULL, NULL, NULL, NULL, '2019-03-12 17:00:00', 50, 100, 39);

-- --------------------------------------------------------

--
-- Table structure for table `tender_purchase_request_penawaran_pembayaran_cod`
--

CREATE TABLE `tender_purchase_request_penawaran_pembayaran_cod` (
  `id` int(11) NOT NULL,
  `project_for_id` int(11) DEFAULT NULL,
  `tender_purchase_request_penawaran_id` int(11) DEFAULT NULL,
  `tanggal_cod` datetime DEFAULT NULL,
  `quantity` int(11) DEFAULT NULL,
  `item_id` int(11) DEFAULT NULL,
  `item_satuan_id` int(11) DEFAULT NULL,
  `brand_id` int(11) DEFAULT NULL,
  `created_at` timestamp NULL DEFAULT NULL,
  `updated_at` timestamp NULL DEFAULT NULL,
  `deleted_at` timestamp NULL DEFAULT NULL,
  `created_by` int(11) DEFAULT NULL,
  `updated_by` int(11) DEFAULT NULL,
  `deleted_by` int(11) DEFAULT NULL,
  `inactive_at` timestamp NULL DEFAULT NULL,
  `inactive_by` int(11) DEFAULT NULL,
  `cod_ke` int(11) DEFAULT NULL
) ENGINE=InnoDB DEFAULT CHARSET=utf8 COLLATE=utf8_unicode_ci;

--
-- Dumping data for table `tender_purchase_request_penawaran_pembayaran_cod`
--

INSERT INTO `tender_purchase_request_penawaran_pembayaran_cod` (`id`, `project_for_id`, `tender_purchase_request_penawaran_id`, `tanggal_cod`, `quantity`, `item_id`, `item_satuan_id`, `brand_id`, `created_at`, `updated_at`, `deleted_at`, `created_by`, `updated_by`, `deleted_by`, `inactive_at`, `inactive_by`, `cod_ke`) VALUES
(8, 105, 10, '2019-02-28 00:00:00', 5, 47, 100, 36, '2019-02-28 10:20:49', '2019-02-28 10:20:49', NULL, NULL, NULL, NULL, NULL, NULL, 1),
(9, 105, 10, '2019-02-28 00:00:00', 6, 47, 100, 36, '2019-02-28 10:20:49', '2019-02-28 10:20:49', NULL, NULL, NULL, NULL, NULL, NULL, 2),
(10, 105, 10, '2019-02-28 00:00:00', 5, 69, 116, 53, '2019-02-28 10:20:49', '2019-02-28 10:20:49', NULL, NULL, NULL, NULL, NULL, NULL, 1),
(11, 105, 10, '2019-02-28 00:00:00', 7, 69, 116, 53, '2019-02-28 10:20:49', '2019-02-28 10:20:49', NULL, NULL, NULL, NULL, NULL, NULL, 2),
(30, 105, 31, '2019-03-05 00:00:00', 7, 65, 108, 49, '2019-03-05 07:11:20', '2019-03-05 07:11:20', NULL, NULL, NULL, NULL, NULL, NULL, 1),
(31, 105, 31, '2019-03-05 00:00:00', 7, 65, 108, 49, '2019-03-05 07:11:20', '2019-03-05 07:11:20', NULL, NULL, NULL, NULL, NULL, NULL, 2),
(32, 105, 31, '2019-03-05 00:00:00', 9, 65, 108, 49, '2019-03-05 07:11:20', '2019-03-05 07:11:20', NULL, NULL, NULL, NULL, NULL, NULL, 3),
(33, 105, 31, '2019-03-05 00:00:00', 3, 68, 113, 51, '2019-03-05 07:11:20', '2019-03-05 07:11:20', NULL, NULL, NULL, NULL, NULL, NULL, 1),
(34, 105, 31, '2019-03-05 00:00:00', 5, 68, 113, 51, '2019-03-05 07:11:20', '2019-03-05 07:11:20', NULL, NULL, NULL, NULL, NULL, NULL, 2),
(35, 105, 31, '2019-03-05 00:00:00', 6, 68, 113, 51, '2019-03-05 07:11:20', '2019-03-05 07:11:20', NULL, NULL, NULL, NULL, NULL, NULL, 3),
(36, 105, 41, '2019-03-13 00:00:00', 10, 47, 100, 39, '2019-03-13 08:20:15', '2019-03-13 08:20:15', NULL, NULL, NULL, NULL, NULL, NULL, 1),
(37, 105, 46, '2019-03-13 00:00:00', 5, 47, 100, 39, '2019-03-13 08:49:08', '2019-03-13 08:49:08', NULL, NULL, NULL, NULL, NULL, NULL, 1),
(38, 105, 46, '2019-03-13 00:00:00', 5, 47, 100, 39, '2019-03-13 08:49:08', '2019-03-13 08:49:08', NULL, NULL, NULL, NULL, NULL, NULL, 2),
(39, 105, 47, '2019-03-13 00:00:00', 5, 47, 100, 39, '2019-03-13 08:49:39', '2019-03-13 08:49:39', NULL, NULL, NULL, NULL, NULL, NULL, 1),
(40, 105, 47, '2019-03-13 00:00:00', 5, 47, 100, 39, '2019-03-13 08:49:39', '2019-03-13 08:49:39', NULL, NULL, NULL, NULL, NULL, NULL, 2);

-- --------------------------------------------------------

--
-- Table structure for table `tender_purchase_request_penawaran_pembayaran_termin`
--

CREATE TABLE `tender_purchase_request_penawaran_pembayaran_termin` (
  `id` int(11) NOT NULL,
  `project_for_id` int(11) DEFAULT NULL,
  `tender_purchase_request_penawaran_id` int(11) DEFAULT NULL,
  `termin_date` date DEFAULT NULL,
  `percentage` double(15,2) DEFAULT NULL,
  `created_at` timestamp NULL DEFAULT NULL,
  `updated_at` timestamp NULL DEFAULT NULL,
  `deleted_at` timestamp NULL DEFAULT NULL,
  `created_by` int(11) DEFAULT NULL,
  `updated_by` int(11) DEFAULT NULL,
  `deleted_by` int(11) DEFAULT NULL,
  `inactive_at` timestamp NULL DEFAULT NULL,
  `inactive_by` int(11) DEFAULT NULL
) ENGINE=InnoDB DEFAULT CHARSET=utf8 COLLATE=utf8_unicode_ci;

--
-- Dumping data for table `tender_purchase_request_penawaran_pembayaran_termin`
--

INSERT INTO `tender_purchase_request_penawaran_pembayaran_termin` (`id`, `project_for_id`, `tender_purchase_request_penawaran_id`, `termin_date`, `percentage`, `created_at`, `updated_at`, `deleted_at`, `created_by`, `updated_by`, `deleted_by`, `inactive_at`, `inactive_by`) VALUES
(3, 105, 9, '2019-02-28', 30.00, '2019-02-28 10:19:41', '2019-02-28 10:19:41', NULL, NULL, NULL, NULL, NULL, NULL),
(4, 105, 9, '2019-02-28', 40.00, '2019-02-28 10:19:41', '2019-02-28 10:19:41', NULL, NULL, NULL, NULL, NULL, NULL),
(33, 105, 26, '2019-03-05', 45.00, '2019-03-05 04:19:36', '2019-03-05 04:19:36', NULL, NULL, NULL, NULL, NULL, NULL),
(34, 105, 26, '2019-03-05', 45.00, '2019-03-05 04:19:36', '2019-03-05 04:19:36', NULL, NULL, NULL, NULL, NULL, NULL),
(35, 105, 27, '2019-03-05', 40.00, '2019-03-05 04:23:45', '2019-03-05 04:23:45', NULL, NULL, NULL, NULL, NULL, NULL),
(36, 105, 27, '2019-03-05', 30.00, '2019-03-05 04:23:45', '2019-03-05 04:23:45', NULL, NULL, NULL, NULL, NULL, NULL),
(40, 105, 34, '2019-03-06', 20.00, '2019-03-06 05:08:47', '2019-03-06 05:08:47', NULL, NULL, NULL, NULL, NULL, NULL),
(41, 105, 34, '2019-03-06', 20.00, '2019-03-06 05:08:48', '2019-03-06 05:08:48', NULL, NULL, NULL, NULL, NULL, NULL),
(42, 105, 34, '2019-03-06', 20.00, '2019-03-06 05:08:48', '2019-03-06 05:08:48', NULL, NULL, NULL, NULL, NULL, NULL),
(43, 105, 35, '2019-03-06', 20.00, '2019-03-06 05:09:35', '2019-03-06 05:09:35', NULL, NULL, NULL, NULL, NULL, NULL),
(44, 105, 35, '2019-03-06', 20.00, '2019-03-06 05:09:35', '2019-03-06 05:09:35', NULL, NULL, NULL, NULL, NULL, NULL),
(45, 105, 35, '2019-03-06', 20.00, '2019-03-06 05:09:35', '2019-03-06 05:09:35', NULL, NULL, NULL, NULL, NULL, NULL),
(46, 105, 36, '2019-03-06', 20.00, '2019-03-12 04:06:37', '2019-03-12 04:06:37', NULL, NULL, NULL, NULL, NULL, NULL),
(47, 105, 36, '2019-03-06', 20.00, '2019-03-12 04:06:37', '2019-03-12 04:06:37', NULL, NULL, NULL, NULL, NULL, NULL),
(48, 105, 36, '2019-03-06', 20.00, '2019-03-12 04:06:37', '2019-03-12 04:06:37', NULL, NULL, NULL, NULL, NULL, NULL),
(49, 105, 37, '2019-03-06', 20.00, '2019-03-12 07:31:09', '2019-03-12 07:31:09', NULL, NULL, NULL, NULL, NULL, NULL),
(50, 105, 37, '2019-03-06', 20.00, '2019-03-12 07:31:09', '2019-03-12 07:31:09', NULL, NULL, NULL, NULL, NULL, NULL),
(51, 105, 37, '2019-03-06', 20.00, '2019-03-12 07:31:09', '2019-03-12 07:31:09', NULL, NULL, NULL, NULL, NULL, NULL),
(52, 105, 38, '2019-03-06', 20.00, '2019-03-12 07:31:42', '2019-03-12 07:31:42', NULL, NULL, NULL, NULL, NULL, NULL),
(53, 105, 38, '2019-03-06', 20.00, '2019-03-12 07:31:42', '2019-03-12 07:31:42', NULL, NULL, NULL, NULL, NULL, NULL),
(54, 105, 38, '2019-03-06', 20.00, '2019-03-12 07:31:42', '2019-03-12 07:31:42', NULL, NULL, NULL, NULL, NULL, NULL),
(55, 105, 39, '2019-03-06', 20.00, '2019-03-12 07:32:13', '2019-03-12 07:32:13', NULL, NULL, NULL, NULL, NULL, NULL),
(56, 105, 39, '2019-03-06', 20.00, '2019-03-12 07:32:14', '2019-03-12 07:32:14', NULL, NULL, NULL, NULL, NULL, NULL),
(57, 105, 39, '2019-03-06', 20.00, '2019-03-12 07:32:14', '2019-03-12 07:32:14', NULL, NULL, NULL, NULL, NULL, NULL),
(58, 105, 40, '2019-03-06', 20.00, '2019-03-12 09:42:26', '2019-03-12 09:42:26', NULL, NULL, NULL, NULL, NULL, NULL),
(59, 105, 40, '2019-03-06', 20.00, '2019-03-12 09:42:26', '2019-03-12 09:42:26', NULL, NULL, NULL, NULL, NULL, NULL),
(60, 105, 40, '2019-03-06', 20.00, '2019-03-12 09:42:26', '2019-03-12 09:42:26', NULL, NULL, NULL, NULL, NULL, NULL),
(61, 105, 42, '2019-03-13', 80.00, '2019-03-13 08:20:47', '2019-03-13 08:20:47', NULL, NULL, NULL, NULL, NULL, NULL);

-- --------------------------------------------------------

--
-- Table structure for table `tender_purchase_request_rekanans`
--

CREATE TABLE `tender_purchase_request_rekanans` (
  `id` int(10) UNSIGNED NOT NULL,
  `tender_purchase_request_id` int(11) DEFAULT NULL,
  `rekanan_id` int(11) DEFAULT NULL,
  `sipp_no` varchar(191) COLLATE utf8mb4_unicode_ci DEFAULT NULL,
  `sipp_date` date DEFAULT NULL,
  `doc_ambil_date` date DEFAULT NULL,
  `doc_ambil_by` varchar(191) COLLATE utf8mb4_unicode_ci DEFAULT NULL,
  `is_pemenang` tinyint(1) DEFAULT '0',
  `doc_bayar_status` tinyint(1) DEFAULT '0',
  `doc_bayar_date` date DEFAULT NULL,
  `description` varchar(191) COLLATE utf8mb4_unicode_ci DEFAULT NULL,
  `created_at` timestamp NULL DEFAULT NULL,
  `updated_at` timestamp NULL DEFAULT NULL,
  `deleted_at` timestamp NULL DEFAULT NULL,
  `created_by` int(11) DEFAULT NULL,
  `updated_by` int(11) DEFAULT NULL,
  `deleted_by` int(11) DEFAULT NULL,
  `inactive_at` timestamp NULL DEFAULT NULL,
  `inactive_by` int(11) DEFAULT NULL
) ENGINE=InnoDB DEFAULT CHARSET=utf8mb4 COLLATE=utf8mb4_unicode_ci;

--
-- Indexes for dumped tables
--

--
-- Indexes for table `brands`
--
ALTER TABLE `brands`
  ADD PRIMARY KEY (`id`);

--
-- Indexes for table `brand_of_categories`
--
ALTER TABLE `brand_of_categories`
  ADD PRIMARY KEY (`id`);

--
-- Indexes for table `items`
--
ALTER TABLE `items`
  ADD PRIMARY KEY (`id`);

--
-- Indexes for table `item_categories`
--
ALTER TABLE `item_categories`
  ADD PRIMARY KEY (`id`);

--
-- Indexes for table `item_prices`
--
ALTER TABLE `item_prices`
  ADD PRIMARY KEY (`id`);

--
-- Indexes for table `item_projects`
--
ALTER TABLE `item_projects`
  ADD PRIMARY KEY (`id`);

--
-- Indexes for table `item_satuans`
--
ALTER TABLE `item_satuans`
  ADD PRIMARY KEY (`id`);

--
-- Indexes for table `pemenang_tender_purchase_request`
--
ALTER TABLE `pemenang_tender_purchase_request`
  ADD PRIMARY KEY (`id`);

--
-- Indexes for table `pemenang_tender_purchase_request_details`
--
ALTER TABLE `pemenang_tender_purchase_request_details`
  ADD PRIMARY KEY (`id`);

--
-- Indexes for table `purchaseorders`
--
ALTER TABLE `purchaseorders`
  ADD PRIMARY KEY (`id`);

--
-- Indexes for table `purchaseorder_details`
--
ALTER TABLE `purchaseorder_details`
  ADD PRIMARY KEY (`id`);

--
-- Indexes for table `purchaserequests`
--
ALTER TABLE `purchaserequests`
  ADD PRIMARY KEY (`id`);

--
-- Indexes for table `purchaserequest_details`
--
ALTER TABLE `purchaserequest_details`
  ADD PRIMARY KEY (`id`);

--
-- Indexes for table `tender_menang_pr`
--
ALTER TABLE `tender_menang_pr`
  ADD PRIMARY KEY (`id`),
  ADD KEY `tender_menangs_tender_rekanan_id_index` (`rekanan_id`),
  ADD KEY `tender_menangs_tender_unit_id_index` (`tender_purchase_group_rekanan_id`);

--
-- Indexes for table `tender_purchase_requests`
--
ALTER TABLE `tender_purchase_requests`
  ADD PRIMARY KEY (`id`);

--
-- Indexes for table `tender_purchase_request_groups`
--
ALTER TABLE `tender_purchase_request_groups`
  ADD PRIMARY KEY (`id`);

--
-- Indexes for table `tender_purchase_request_group_details`
--
ALTER TABLE `tender_purchase_request_group_details`
  ADD PRIMARY KEY (`id`);

--
-- Indexes for table `tender_purchase_request_group_rekanans`
--
ALTER TABLE `tender_purchase_request_group_rekanans`
  ADD PRIMARY KEY (`id`);

--
-- Indexes for table `tender_purchase_request_group_rekanan_details`
--
ALTER TABLE `tender_purchase_request_group_rekanan_details`
  ADD PRIMARY KEY (`id`);

--
-- Indexes for table `tender_purchase_request_penawarans`
--
ALTER TABLE `tender_purchase_request_penawarans`
  ADD PRIMARY KEY (`id`);

--
-- Indexes for table `tender_purchase_request_penawarans_details`
--
ALTER TABLE `tender_purchase_request_penawarans_details`
  ADD PRIMARY KEY (`id`),
  ADD KEY `tender_penawaran_details_tender_penawaran_id_index` (`tender_penawaran_id`);

--
-- Indexes for table `tender_purchase_request_penawaran_pembayarans`
--
ALTER TABLE `tender_purchase_request_penawaran_pembayarans`
  ADD PRIMARY KEY (`id`);

--
-- Indexes for table `tender_purchase_request_penawaran_pembayaran_cod`
--
ALTER TABLE `tender_purchase_request_penawaran_pembayaran_cod`
  ADD PRIMARY KEY (`id`);

--
-- Indexes for table `tender_purchase_request_penawaran_pembayaran_termin`
--
ALTER TABLE `tender_purchase_request_penawaran_pembayaran_termin`
  ADD PRIMARY KEY (`id`);

--
-- Indexes for table `tender_purchase_request_rekanans`
--
ALTER TABLE `tender_purchase_request_rekanans`
  ADD PRIMARY KEY (`id`);

--
-- AUTO_INCREMENT for dumped tables
--

--
-- AUTO_INCREMENT for table `brands`
--
ALTER TABLE `brands`
  MODIFY `id` int(10) UNSIGNED NOT NULL AUTO_INCREMENT, AUTO_INCREMENT=56;

--
-- AUTO_INCREMENT for table `brand_of_categories`
--
ALTER TABLE `brand_of_categories`
  MODIFY `id` int(10) UNSIGNED NOT NULL AUTO_INCREMENT, AUTO_INCREMENT=60;

--
-- AUTO_INCREMENT for table `items`
--
ALTER TABLE `items`
  MODIFY `id` int(10) UNSIGNED NOT NULL AUTO_INCREMENT, AUTO_INCREMENT=83;

--
-- AUTO_INCREMENT for table `item_categories`
--
ALTER TABLE `item_categories`
  MODIFY `id` int(10) UNSIGNED NOT NULL AUTO_INCREMENT, AUTO_INCREMENT=60;

--
-- AUTO_INCREMENT for table `item_prices`
--
ALTER TABLE `item_prices`
  MODIFY `id` int(10) UNSIGNED NOT NULL AUTO_INCREMENT, AUTO_INCREMENT=54;

--
-- AUTO_INCREMENT for table `item_projects`
--
ALTER TABLE `item_projects`
  MODIFY `id` int(10) UNSIGNED NOT NULL AUTO_INCREMENT, AUTO_INCREMENT=162;

--
-- AUTO_INCREMENT for table `item_satuans`
--
ALTER TABLE `item_satuans`
  MODIFY `id` int(10) UNSIGNED NOT NULL AUTO_INCREMENT, AUTO_INCREMENT=127;

--
-- AUTO_INCREMENT for table `pemenang_tender_purchase_request`
--
ALTER TABLE `pemenang_tender_purchase_request`
  MODIFY `id` int(11) NOT NULL AUTO_INCREMENT;

--
-- AUTO_INCREMENT for table `pemenang_tender_purchase_request_details`
--
ALTER TABLE `pemenang_tender_purchase_request_details`
  MODIFY `id` int(10) UNSIGNED NOT NULL AUTO_INCREMENT;

--
-- AUTO_INCREMENT for table `purchaseorders`
--
ALTER TABLE `purchaseorders`
  MODIFY `id` int(10) UNSIGNED NOT NULL AUTO_INCREMENT, AUTO_INCREMENT=4;

--
-- AUTO_INCREMENT for table `purchaseorder_details`
--
ALTER TABLE `purchaseorder_details`
  MODIFY `id` int(10) UNSIGNED NOT NULL AUTO_INCREMENT, AUTO_INCREMENT=6;

--
-- AUTO_INCREMENT for table `purchaserequests`
--
ALTER TABLE `purchaserequests`
  MODIFY `id` int(10) UNSIGNED NOT NULL AUTO_INCREMENT, AUTO_INCREMENT=126;

--
-- AUTO_INCREMENT for table `purchaserequest_details`
--
ALTER TABLE `purchaserequest_details`
  MODIFY `id` int(10) UNSIGNED NOT NULL AUTO_INCREMENT, AUTO_INCREMENT=233;

--
-- AUTO_INCREMENT for table `tender_menang_pr`
--
ALTER TABLE `tender_menang_pr`
  MODIFY `id` int(11) UNSIGNED NOT NULL AUTO_INCREMENT, AUTO_INCREMENT=22;

--
-- AUTO_INCREMENT for table `tender_purchase_requests`
--
ALTER TABLE `tender_purchase_requests`
  MODIFY `id` int(10) UNSIGNED NOT NULL AUTO_INCREMENT;

--
-- AUTO_INCREMENT for table `tender_purchase_request_groups`
--
ALTER TABLE `tender_purchase_request_groups`
  MODIFY `id` int(11) NOT NULL AUTO_INCREMENT, AUTO_INCREMENT=12;

--
-- AUTO_INCREMENT for table `tender_purchase_request_group_details`
--
ALTER TABLE `tender_purchase_request_group_details`
  MODIFY `id` int(11) NOT NULL AUTO_INCREMENT, AUTO_INCREMENT=22;

--
-- AUTO_INCREMENT for table `tender_purchase_request_group_rekanans`
--
ALTER TABLE `tender_purchase_request_group_rekanans`
  MODIFY `id` int(11) NOT NULL AUTO_INCREMENT, AUTO_INCREMENT=9;

--
-- AUTO_INCREMENT for table `tender_purchase_request_group_rekanan_details`
--
ALTER TABLE `tender_purchase_request_group_rekanan_details`
  MODIFY `id` int(10) UNSIGNED NOT NULL AUTO_INCREMENT, AUTO_INCREMENT=28;

--
-- AUTO_INCREMENT for table `tender_purchase_request_penawarans`
--
ALTER TABLE `tender_purchase_request_penawarans`
  MODIFY `id` int(10) UNSIGNED NOT NULL AUTO_INCREMENT, AUTO_INCREMENT=48;

--
-- AUTO_INCREMENT for table `tender_purchase_request_penawarans_details`
--
ALTER TABLE `tender_purchase_request_penawarans_details`
  MODIFY `id` int(10) UNSIGNED NOT NULL AUTO_INCREMENT, AUTO_INCREMENT=78;

--
-- AUTO_INCREMENT for table `tender_purchase_request_penawaran_pembayarans`
--
ALTER TABLE `tender_purchase_request_penawaran_pembayarans`
  MODIFY `id` int(11) NOT NULL AUTO_INCREMENT, AUTO_INCREMENT=22;

--
-- AUTO_INCREMENT for table `tender_purchase_request_penawaran_pembayaran_cod`
--
ALTER TABLE `tender_purchase_request_penawaran_pembayaran_cod`
  MODIFY `id` int(11) NOT NULL AUTO_INCREMENT, AUTO_INCREMENT=41;

--
-- AUTO_INCREMENT for table `tender_purchase_request_penawaran_pembayaran_termin`
--
ALTER TABLE `tender_purchase_request_penawaran_pembayaran_termin`
  MODIFY `id` int(11) NOT NULL AUTO_INCREMENT, AUTO_INCREMENT=62;

--
-- AUTO_INCREMENT for table `tender_purchase_request_rekanans`
--
ALTER TABLE `tender_purchase_request_rekanans`
  MODIFY `id` int(10) UNSIGNED NOT NULL AUTO_INCREMENT;
COMMIT;

/*!40101 SET CHARACTER_SET_CLIENT=@OLD_CHARACTER_SET_CLIENT */;
/*!40101 SET CHARACTER_SET_RESULTS=@OLD_CHARACTER_SET_RESULTS */;
/*!40101 SET COLLATION_CONNECTION=@OLD_COLLATION_CONNECTION */;
